{
"type": "FeatureCollection",
"name": "Reserve_assinica",
"crs": { "type": "name", "properties": { "name": "urn:ogc:def:crs:OGC:1.3:CRS84" } },
"features": [
{ "type": "Feature", "properties": { "Shape_Leng": 1212897.60932, "Shape_Area": 4098948947.9299998 }, "geometry": { "type": "MultiPolygon", "coordinates": [ [ [ [ -74.977698952666955, 50.528053491301264 ], [ -74.976151613150734, 50.528945866903889 ], [ -74.976921080518991, 50.528541569242201 ], [ -74.977698952666955, 50.528053491301264 ], [ -75.052870167752346, 50.556331382526686 ], [ -75.068079011062011, 50.604846486075196 ], [ -75.021471970248413, 50.618542616270915 ], [ -75.009586315057803, 50.645183355219842 ], [ -75.007047784926058, 50.646621330087342 ], [ -75.000850041511839, 50.645299942724584 ], [ -75.000981834727327, 50.646219829038465 ], [ -74.999565123358181, 50.646301274472776 ], [ -74.999693510990099, 50.647201620034814 ], [ -74.998275756676307, 50.647285465510819 ], [ -74.99853441300985, 50.649086046955659 ], [ -74.997116088902857, 50.649169926460914 ], [ -74.997245787779207, 50.650070194442421 ], [ -74.9944116608808, 50.650234446020079 ], [ -74.994537353210006, 50.651134495914427 ], [ -74.993123279375567, 50.651217545478936 ], [ -74.993252243635752, 50.652118649656735 ], [ -74.991836547422125, 50.652198794958913 ], [ -74.991963783714397, 50.65310173691563 ], [ -74.990546349315792, 50.653183701829903 ], [ -74.990675061187176, 50.654083363705411 ], [ -74.989724895203011, 50.65413955738812 ], [ -74.985394998702503, 50.649224004484964 ], [ -74.975048954271543, 50.639206880470617 ], [ -74.967645999672357, 50.632574002040954 ], [ -74.949633486929272, 50.624539396046082 ], [ -74.943899423980028, 50.626532243838845 ], [ -74.93593859660362, 50.630789668030594 ], [ -74.921997402014426, 50.633329848429689 ], [ -74.921768188825311, 50.63170242736863 ], [ -74.923187255695595, 50.631622318684251 ], [ -74.922928916698069, 50.629818320231372 ], [ -74.924346923697968, 50.629737859013126 ], [ -74.923965500264018, 50.627033561871308 ], [ -74.925379889155238, 50.626952570339206 ], [ -74.924742193072689, 50.622446731995247 ], [ -74.921905516829042, 50.622608188310146 ], [ -74.922163939438292, 50.62441128901429 ], [ -74.919330602330206, 50.624573440344619 ], [ -74.919456483168688, 50.625473026099776 ], [ -74.91662591376037, 50.625636624649097 ], [ -74.916497414952318, 50.624736722498831 ], [ -74.917915344861157, 50.624652866439391 ], [ -74.917659141098241, 50.622852138431774 ], [ -74.896408080988792, 50.624065403445279 ], [ -74.896536043225808, 50.624965771135898 ], [ -74.889452419684389, 50.625369895867976 ], [ -74.888437978329534, 50.618160858513455 ], [ -74.889854504621297, 50.618080180216097 ], [ -74.888969557796202, 50.611771606574941 ], [ -74.891799926556217, 50.611610416485156 ], [ -74.891548157164777, 50.609809879331046 ], [ -74.890129563681299, 50.609888678116725 ], [ -74.889877317824002, 50.60808563600645 ], [ -74.887046812980557, 50.608245853367933 ], [ -74.886917113772029, 50.607345584221861 ], [ -74.885500380369294, 50.60742556149448 ], [ -74.885124207537388, 50.604724888263227 ], [ -74.883705001183856, 50.604804026949154 ], [ -74.883197839215384, 50.601199890094271 ], [ -74.884613036548856, 50.601119999708708 ], [ -74.884361340735879, 50.599316186308812 ], [ -74.890022277786287, 50.598995213049292 ], [ -74.889900361154545, 50.598092269493975 ], [ -74.892729204790726, 50.597931030186992 ], [ -74.892856031853057, 50.5988322203523 ], [ -74.898521422841341, 50.598510745621496 ], [ -74.898392733437163, 50.597608002250432 ], [ -74.904052733582276, 50.597286228684396 ], [ -74.90393083468301, 50.596383413637604 ], [ -74.908180236448445, 50.596141818830503 ], [ -74.908050538093491, 50.595241551340251 ], [ -74.910881017698216, 50.595077806965179 ], [ -74.910753910289998, 50.594177105526455 ], [ -74.912170410833681, 50.594097141339169 ], [ -74.912042389411269, 50.593194515635616 ], [ -74.913459777783615, 50.593112949147908 ], [ -74.913330913430073, 50.592212633465529 ], [ -74.914749144531569, 50.592132572287873 ], [ -74.914619692108175, 50.591230205174583 ], [ -74.915008544761136, 50.591209415940355 ], [ -74.914421081469712, 50.588516239986333 ], [ -74.912822036861428, 50.588607612995077 ], [ -74.91269486075015, 50.587706564337886 ], [ -74.908447996363719, 50.58794780746296 ], [ -74.908317566342177, 50.587047581173863 ], [ -74.905490053403909, 50.587210034037916 ], [ -74.90523596919023, 50.585407695054634 ], [ -74.909482388929746, 50.58516497949504 ], [ -74.909355297938447, 50.5842638139098 ], [ -74.912185669907885, 50.584102634561866 ], [ -74.911804646753595, 50.581398439034785 ], [ -74.908973946146332, 50.58156032543743 ], [ -74.908846849789626, 50.580659162677449 ], [ -74.91026306131981, 50.580577854114793 ], [ -74.910135053749173, 50.579677070279942 ], [ -74.908721923925341, 50.579757694760353 ], [ -74.90859274786628, 50.578857395265594 ], [ -74.912838460678557, 50.578613996937982 ], [ -74.912712097151427, 50.577713016874966 ], [ -74.915541741589678, 50.577550860147198 ], [ -74.915290832321688, 50.575748447847808 ], [ -74.913871764015482, 50.575828555888307 ], [ -74.913999086220997, 50.576728963334638 ], [ -74.911168930515615, 50.576892645513283 ], [ -74.911293030486249, 50.577793124930238 ], [ -74.909881592623677, 50.577873233622057 ], [ -74.909629822168952, 50.576072696235329 ], [ -74.90255064251528, 50.576476873420724 ], [ -74.902423808206166, 50.575576574051851 ], [ -74.903839112074039, 50.5754966773981 ], [ -74.90371188591763, 50.574593689469822 ], [ -74.906542171045331, 50.574431936360632 ], [ -74.906417845567773, 50.573532108192907 ], [ -74.909248352496746, 50.573368076181858 ], [ -74.909118652989349, 50.572467807488003 ], [ -74.913749227371369, 50.572202864829507 ], [ -74.90319844429726, 50.55725794607762 ], [ -74.894989013868738, 50.554187779067227 ], [ -74.885779202839785, 50.554099499360547 ], [ -74.876983642583383, 50.549839023901704 ], [ -74.859519095625387, 50.545008984121083 ], [ -74.849815368501268, 50.537876133656589 ], [ -74.848083496722367, 50.534851078859155 ], [ -74.841232705028176, 50.53371436619426 ], [ -74.840126038354242, 50.530452731766445 ], [ -74.824325127305968, 50.521647131185205 ], [ -74.822663526481392, 50.516747505250947 ], [ -74.817817689425127, 50.514869694406784 ], [ -74.81204223608637, 50.507385257998287 ], [ -74.773513014196539, 50.498232789366533 ], [ -74.772412609823036, 50.496805921528129 ], [ -74.768991373461574, 50.496234935304955 ], [ -74.765379171697958, 50.504890106297182 ], [ -74.758537291645851, 50.503746036469877 ], [ -74.753364439911294, 50.50442097076624 ], [ -74.741371154638912, 50.503971104440282 ], [ -74.736198424994797, 50.504642490492323 ], [ -74.726045177355772, 50.501056224473302 ], [ -74.713203430176364, 50.494796756869299 ], [ -74.708129883003636, 50.493000034298554 ], [ -74.706031800266956, 50.494487766108101 ], [ -74.704368592297982, 50.493564609088274 ], [ -74.704437082027013, 50.494074488652331 ], [ -74.703025817747502, 50.494152073759118 ], [ -74.703147887815447, 50.495052341782362 ], [ -74.701736358050766, 50.495132349302182 ], [ -74.701858520000286, 50.496032719175886 ], [ -74.699035644299101, 50.496189121912082 ], [ -74.699155709284724, 50.497091634763841 ], [ -74.697742606890003, 50.497169904484309 ], [ -74.697988005897969, 50.498972608361711 ], [ -74.696571350987384, 50.499050144144022 ], [ -74.696928071982356, 50.501755730551665 ], [ -74.695526123139615, 50.501834874312586 ], [ -74.695652307421881, 50.502734524951094 ], [ -74.694238828749647, 50.502811324045062 ], [ -74.693993749958608, 50.501010035043208 ], [ -74.691167276582618, 50.50116642812614 ], [ -74.691535026207092, 50.503870511127147 ], [ -74.692947463391391, 50.50379236814419 ], [ -74.693069456465878, 50.504692081436595 ], [ -74.691657617256112, 50.504771873273491 ], [ -74.691780088970106, 50.505672458930633 ], [ -74.690366833800425, 50.505751412947689 ], [ -74.69048940824203, 50.506652777344058 ], [ -74.689075993519765, 50.506730938446346 ], [ -74.689198545095891, 50.507632304800119 ], [ -74.687782286751272, 50.507709507144121 ], [ -74.687904143724865, 50.508612010531621 ], [ -74.686492919253666, 50.508689884652078 ], [ -74.686614989042269, 50.509590152923529 ], [ -74.68520314030286, 50.509669430308797 ], [ -74.685325590764577, 50.510570531885847 ], [ -74.672599792865626, 50.511272433828026 ], [ -74.672725580482719, 50.512172919363685 ], [ -74.6698989861857, 50.51232910552222 ], [ -74.670020733824444, 50.513231661683179 ], [ -74.668607080311972, 50.513309565276082 ], [ -74.668729101037485, 50.514209893975448 ], [ -74.665901183428133, 50.514366153824476 ], [ -74.666023253212728, 50.515266422446139 ], [ -74.664610258388379, 50.515345963819236 ], [ -74.664732284248998, 50.516246888488965 ], [ -74.661903380830509, 50.516403201535717 ], [ -74.662025451989649, 50.517303470611232 ], [ -74.659199282236088, 50.517460007826465 ], [ -74.659321127190324, 50.518360340040125 ], [ -74.657907441774327, 50.518439182677248 ], [ -74.657663521670713, 50.516636369213856 ], [ -74.65624974312739, 50.516714118136882 ], [ -74.656005943390667, 50.514911651011815 ], [ -74.657417297012543, 50.514835361410626 ], [ -74.657297677838656, 50.513932153139038 ], [ -74.658714294183895, 50.51385498392991 ], [ -74.658592223947252, 50.512954716314283 ], [ -74.661416718199959, 50.512797416351596 ], [ -74.66129470155532, 50.511896016841696 ], [ -74.662712096887645, 50.51181793596183 ], [ -74.662468174962072, 50.510015194579196 ], [ -74.663879393653531, 50.509937290448804 ], [ -74.663757323389802, 50.509037021971039 ], [ -74.665169283235954, 50.508958347105448 ], [ -74.665047202733007, 50.508056953818844 ], [ -74.666460700313252, 50.507979095282494 ], [ -74.666216498353521, 50.506176312984323 ], [ -74.667633055404494, 50.50609970455325 ], [ -74.667511153407972, 50.505196866806806 ], [ -74.668922424843814, 50.505119327428893 ], [ -74.668426448962578, 50.501467789655678 ], [ -74.657431603698328, 50.50396272919442 ], [ -74.65549651688093, 50.505007715901129 ], [ -74.645581622849633, 50.501688866533605 ], [ -74.638060098314369, 50.495816448769652 ], [ -74.624307283811902, 50.486615135519614 ], [ -74.618788233704223, 50.483447523089559 ], [ -74.614604401760886, 50.481304204404061 ], [ -74.597107046013605, 50.473665647463953 ], [ -74.573337319164793, 50.464411540017238 ], [ -74.568465374990225, 50.46142911346103 ], [ -74.565691732091054, 50.459117939639448 ], [ -74.558634358930476, 50.453977008267977 ], [ -74.543386741073078, 50.444057440838719 ], [ -74.525910205202848, 50.431586896598454 ], [ -74.520493872358173, 50.427987807673297 ], [ -74.533167759974816, 50.420442182709294 ], [ -74.53454772454262, 50.416502936253757 ], [ -74.537565228297822, 50.416650770782311 ], [ -74.538230895104334, 50.416238784459281 ], [ -74.538488389122165, 50.415815353659745 ], [ -74.538246154648022, 50.415033341715606 ], [ -74.539175032441037, 50.414377212541773 ], [ -74.538629531849452, 50.413225174162179 ], [ -74.538705824879855, 50.412855149478283 ], [ -74.540962219919521, 50.412485122221184 ], [ -74.541795730551698, 50.41193580663095 ], [ -74.540170669125459, 50.410989761000643 ], [ -74.539934158421943, 50.41048622197583 ], [ -74.540330885682565, 50.40999031064316 ], [ -74.542327879233099, 50.409891127936113 ], [ -74.543009049707948, 50.409591218635434 ], [ -74.546054299394825, 50.409172999856835 ], [ -74.546891900851818, 50.408239401011208 ], [ -74.547629900553432, 50.407891100781463 ], [ -74.548711200485783, 50.406523700216908 ], [ -74.549454498462481, 50.406418100091926 ], [ -74.549627998749784, 50.405993900465589 ], [ -74.551626698942329, 50.405400500154016 ], [ -74.553062599503335, 50.405441399755794 ], [ -74.553198399562859, 50.405224400245828 ], [ -74.553022500480765, 50.40490229950565 ], [ -74.553391500417135, 50.404413499618236 ], [ -74.555254399752712, 50.404045899699369 ], [ -74.555328398255341, 50.403577701586499 ], [ -74.555926599292818, 50.403275600567611 ], [ -74.558207699757091, 50.403371698878843 ], [ -74.55916609798453, 50.402823600268306 ], [ -74.55904059835845, 50.402240299347156 ], [ -74.559737999276351, 50.401973199856535 ], [ -74.558876698849346, 50.401198799785895 ], [ -74.559081499724982, 50.400918200759406 ], [ -74.558947299741703, 50.400577799845351 ], [ -74.559360399288423, 50.400178400321096 ], [ -74.559912299086605, 50.400326301356294 ], [ -74.561109899132887, 50.399784900915051 ], [ -74.561550699852191, 50.399996600671315 ], [ -74.562572599235978, 50.399771499793395 ], [ -74.564048499422185, 50.400351401921839 ], [ -74.56498549972649, 50.400109099296792 ], [ -74.566015800059347, 50.400261500932722 ], [ -74.566371036454328, 50.400014548420359 ], [ -74.566606300062688, 50.400247100943908 ], [ -74.567769400980779, 50.400047599931469 ], [ -74.568111100092167, 50.4002332989823 ], [ -74.569143400345851, 50.399846199774494 ], [ -74.571320599674564, 50.399709300493484 ], [ -74.571776099868941, 50.39994779972259 ], [ -74.572234800108319, 50.401571000084935 ], [ -74.572604499940127, 50.401747400108064 ], [ -74.572682499050003, 50.402088300308414 ], [ -74.574207699785887, 50.402973301002696 ], [ -74.574743798976215, 50.403660700777706 ], [ -74.575035600727063, 50.405366299155006 ], [ -74.573648800023221, 50.406251200112436 ], [ -74.572503499262595, 50.406621401221138 ], [ -74.571704299401333, 50.407366099631041 ], [ -74.570730198744656, 50.407842601452067 ], [ -74.570514700012396, 50.408267100265547 ], [ -74.569692699759059, 50.408625300041514 ], [ -74.569812700130285, 50.408956900794038 ], [ -74.569328199968425, 50.409311999525457 ], [ -74.569226400828484, 50.409789500209435 ], [ -74.569386599534766, 50.410030800569665 ], [ -74.569850801482218, 50.410026500569792 ], [ -74.570144300122848, 50.410563199431358 ], [ -74.569161399762308, 50.411273599615782 ], [ -74.568940100126852, 50.412696200097407 ], [ -74.568352198784922, 50.413456799607999 ], [ -74.567498898649688, 50.413680499660828 ], [ -74.567364498860101, 50.413960401668199 ], [ -74.567495898581996, 50.414175001310262 ], [ -74.568086999545855, 50.414178600693099 ], [ -74.567823899865985, 50.414369800272908 ], [ -74.568168499251314, 50.414672299568814 ], [ -74.568018399523993, 50.414880500429035 ], [ -74.568554798614059, 50.414956498560187 ], [ -74.568490299112568, 50.41521780035626 ], [ -74.568946099391823, 50.41546540072062 ], [ -74.568609922236689, 50.415823606961958 ], [ -74.568735601046086, 50.416114701784458 ], [ -74.568510998749701, 50.416764099738423 ], [ -74.568700000825416, 50.417032100004533 ], [ -74.568348199661045, 50.41703530039748 ], [ -74.568359398413548, 50.417529700717395 ], [ -74.566289098556155, 50.418708500296034 ], [ -74.565610599241992, 50.418570900570103 ], [ -74.564796399594883, 50.419288601475579 ], [ -74.564507082471181, 50.419294033906525 ], [ -74.562839099995585, 50.421122699646361 ], [ -74.561012197905285, 50.421867700680089 ], [ -74.560963199480128, 50.422191799606075 ], [ -74.560456399539305, 50.422187400132714 ], [ -74.56008839977234, 50.422721200046723 ], [ -74.559540599504416, 50.422771201510599 ], [ -74.559206900106901, 50.423583401243938 ], [ -74.560052522102353, 50.424772073350226 ], [ -74.562706800302905, 50.425268800583957 ], [ -74.562867199632095, 50.425518999047668 ], [ -74.562720199609416, 50.425871001426685 ], [ -74.562965698402934, 50.426147500955004 ], [ -74.562460300280293, 50.426835401220167 ], [ -74.563813900109224, 50.427569300448795 ], [ -74.564119498532662, 50.428016099809206 ], [ -74.564616200198344, 50.428200400261701 ], [ -74.56465160015135, 50.428523700272081 ], [ -74.56509375621998, 50.42849072003613 ], [ -74.5661318982811, 50.429256399872827 ], [ -74.565631699706188, 50.429548699652507 ], [ -74.565700100388895, 50.430087501098868 ], [ -74.566262599088162, 50.430064401460783 ], [ -74.567329599137082, 50.430567100539605 ], [ -74.567846099505886, 50.430373499139307 ], [ -74.568639798034411, 50.430617999173656 ], [ -74.570200699797567, 50.430549700390841 ], [ -74.570617298483981, 50.43092350117859 ], [ -74.571562699636885, 50.430402299909467 ], [ -74.572071401200787, 50.430487500097044 ], [ -74.572725699225288, 50.430166801175055 ], [ -74.573064600072343, 50.430217600519711 ], [ -74.572917200102253, 50.43054269935574 ], [ -74.573087200430138, 50.430595100309048 ], [ -74.573599199850563, 50.430203701350223 ], [ -74.574690589220268, 50.430306341755184 ], [ -74.574792099136943, 50.430669200152657 ], [ -74.575685199669266, 50.430948701716808 ], [ -74.575908099622879, 50.430847700521909 ], [ -74.575900921639473, 50.430454764919162 ], [ -74.578662500813138, 50.430651398948363 ], [ -74.57931729886765, 50.430969001087306 ], [ -74.579211199250835, 50.431257700482703 ], [ -74.579911599050746, 50.431727699133035 ], [ -74.58031790037748, 50.431642999501889 ], [ -74.580861100008207, 50.432627000570676 ], [ -74.58065860027429, 50.433006500434502 ], [ -74.581333100525413, 50.43295530170861 ], [ -74.58140410102763, 50.432361200851197 ], [ -74.582153999144737, 50.432533999358711 ], [ -74.581921799274312, 50.432841898564028 ], [ -74.582173900082736, 50.432785599033487 ], [ -74.582932898873281, 50.433354000858166 ], [ -74.583151899769533, 50.43308220177196 ], [ -74.583073899649463, 50.432750299908299 ], [ -74.584187899776822, 50.432218400047717 ], [ -74.584641700731623, 50.432367000681381 ], [ -74.584989900337462, 50.432201901428876 ], [ -74.585305499401741, 50.432459700112972 ], [ -74.585477099310367, 50.431963601545817 ], [ -74.586086999714936, 50.432164700790416 ], [ -74.58742019798207, 50.431990400825086 ], [ -74.587465799753573, 50.431522500294911 ], [ -74.586849999724009, 50.431060700028866 ], [ -74.587365299102828, 50.430822098971731 ], [ -74.587987799996739, 50.430960200295409 ], [ -74.588470098642233, 50.430506100627397 ], [ -74.587422498620754, 50.430246199351181 ], [ -74.587578198916006, 50.429669300039855 ], [ -74.587966500311026, 50.429413900045752 ], [ -74.590451499422485, 50.429138900439689 ], [ -74.591819998886933, 50.429278899626382 ], [ -74.593243399457123, 50.428744101420065 ], [ -74.59490746056774, 50.428722203310592 ], [ -74.597575668816987, 50.427409831233213 ], [ -74.598526001337262, 50.427597049463444 ], [ -74.598497898321241, 50.427112200424624 ], [ -74.599732300081058, 50.426929700664736 ], [ -74.600151061878336, 50.42610931766437 ], [ -74.602019700981614, 50.425424499501936 ], [ -74.603179932578641, 50.42436218654332 ], [ -74.603655599246522, 50.423143299970043 ], [ -74.604675293760721, 50.422775272667202 ], [ -74.605064392533379, 50.421924595421068 ], [ -74.604270935688206, 50.42171860149157 ], [ -74.605247497266959, 50.421295170247483 ], [ -74.606026200286252, 50.419182699382226 ], [ -74.606956481246371, 50.41920090183595 ], [ -74.60722396278419, 50.418777364576528 ], [ -74.609252929541285, 50.41810989792689 ], [ -74.609458924007924, 50.417892459912103 ], [ -74.609391699588357, 50.417469300386585 ], [ -74.609985350793011, 50.416816715571443 ], [ -74.611611600059291, 50.416117500249044 ], [ -74.611761097808568, 50.415288901148372 ], [ -74.614489400699227, 50.414624399565866 ], [ -74.615815199967329, 50.413559700388966 ], [ -74.616850719160865, 50.413208355565629 ], [ -74.617805480458145, 50.413200382286547 ], [ -74.617614747341278, 50.412860874006213 ], [ -74.618028598800649, 50.411947100941127 ], [ -74.617890850850145, 50.411490601761024 ], [ -74.619118698475987, 50.411037500230364 ], [ -74.619026182780686, 50.410545353147398 ], [ -74.619309398242734, 50.410172499998168 ], [ -74.620529911889747, 50.409469411000821 ], [ -74.621148099352297, 50.409390598928766 ], [ -74.621406197944324, 50.409001500308207 ], [ -74.623031099890341, 50.409291499805676 ], [ -74.623168943598372, 50.409019474047071 ], [ -74.622818200296251, 50.408619199141732 ], [ -74.623275756080361, 50.408309940133393 ], [ -74.62283325138938, 50.408069614594439 ], [ -74.622977699949018, 50.407628700822229 ], [ -74.625114441314949, 50.406852726245113 ], [ -74.626419066758032, 50.405654911845666 ], [ -74.627685546616959, 50.405513766962159 ], [ -74.627673498006089, 50.405119700404441 ], [ -74.6279761010627, 50.404829100538436 ], [ -74.627296448810583, 50.404575351843022 ], [ -74.626945496009185, 50.403995517895716 ], [ -74.627204895228545, 50.403667453681187 ], [ -74.626655579025424, 50.403644565722232 ], [ -74.627059935777723, 50.402877811003442 ], [ -74.626365660939342, 50.40269470632402 ], [ -74.626414700164531, 50.402461600725147 ], [ -74.626085400203621, 50.402221999715358 ], [ -74.626571499560612, 50.401956499844829 ], [ -74.626673599711765, 50.401515000999957 ], [ -74.627136230749699, 50.401412967711089 ], [ -74.627796799676972, 50.402016599614292 ], [ -74.628135681778687, 50.401977543333899 ], [ -74.628922500056831, 50.401439201110001 ], [ -74.628307299156361, 50.401004600337643 ], [ -74.628648697950695, 50.400569798206703 ], [ -74.629326888451871, 50.400715763105154 ], [ -74.629463195729045, 50.401145938897393 ], [ -74.629959106668721, 50.401393894397309 ], [ -74.631256103079082, 50.40121841787284 ], [ -74.633743286731942, 50.399963383286533 ], [ -74.633805400151672, 50.399143999834145 ], [ -74.635345458754443, 50.398231510971549 ], [ -74.636421203856969, 50.398014072776959 ], [ -74.637092589526276, 50.398220066068923 ], [ -74.637260437164372, 50.397624974158042 ], [ -74.63801574876814, 50.396900181339134 ], [ -74.63710089949069, 50.396369501525683 ], [ -74.637254199317724, 50.395720700015346 ], [ -74.636728300225784, 50.395492100605814 ], [ -74.636927399331043, 50.394995601613189 ], [ -74.638049099762469, 50.394849799872951 ], [ -74.638023200547252, 50.394355500853109 ], [ -74.638230698669972, 50.394209600096225 ], [ -74.639552099102204, 50.394178701244897 ], [ -74.640039499918714, 50.393391699965875 ], [ -74.64005689946417, 50.392942001029411 ], [ -74.639535300254806, 50.392893100734291 ], [ -74.638862100928904, 50.392387200540526 ], [ -74.639173898905526, 50.391898700356926 ], [ -74.638929699543468, 50.391685299589028 ], [ -74.639404300532448, 50.391536799658169 ], [ -74.639115599076788, 50.391224900608023 ], [ -74.637927700795885, 50.391542199461952 ], [ -74.6346342001967, 50.391439499543651 ], [ -74.63552580053674, 50.39108020050621 ], [ -74.635298000728923, 50.39096550048481 ], [ -74.634714298835519, 50.39125889939092 ], [ -74.634821600661198, 50.391042100233491 ], [ -74.632879499648951, 50.390989100568319 ], [ -74.63614599878521, 50.390552699487834 ], [ -74.637350700345792, 50.390936499945184 ], [ -74.638942099715564, 50.391028800846449 ], [ -74.640316499743392, 50.390278100047098 ], [ -74.640394098887924, 50.389998600527214 ], [ -74.639479799531316, 50.389989600544496 ], [ -74.638933399009787, 50.389491399309492 ], [ -74.639532800722023, 50.389269799758956 ], [ -74.639523800644909, 50.388892200572485 ], [ -74.639861899244039, 50.388915900504024 ], [ -74.639532500167377, 50.388667400476429 ], [ -74.63939079975836, 50.388039400397929 ], [ -74.64046909950433, 50.387849000668417 ], [ -74.640459899723012, 50.387462499356957 ], [ -74.641214399825515, 50.387257299915809 ], [ -74.640913099283793, 50.387008500227047 ], [ -74.641604000029446, 50.386498199378615 ], [ -74.640866599196599, 50.38624469979348 ], [ -74.640929099394967, 50.385920400736275 ], [ -74.639742599346704, 50.385698200864297 ], [ -74.639070298761382, 50.385812699733648 ], [ -74.637889599789219, 50.385248899535512 ], [ -74.636880399010224, 50.385384600002659 ], [ -74.636199299524179, 50.385130500052568 ], [ -74.636691899583838, 50.384559300702854 ], [ -74.64029399950816, 50.384649900447165 ], [ -74.640426798187235, 50.384324899351405 ], [ -74.640082099400544, 50.384022600313841 ], [ -74.640330998814704, 50.383849300094859 ], [ -74.640826999549915, 50.384006300005218 ], [ -74.641018599064594, 50.384372999437225 ], [ -74.641353998239708, 50.384288799005255 ], [ -74.641246099393442, 50.383894299700145 ], [ -74.640647900428277, 50.383576500344986 ], [ -74.641373199415327, 50.382742200601804 ], [ -74.641815699882883, 50.383016599775871 ], [ -74.642178999992623, 50.382923100552382 ], [ -74.642271000471879, 50.38265240066881 ], [ -74.64192819946193, 50.382431000334101 ], [ -74.642315099158822, 50.382148499152791 ], [ -74.64123169966534, 50.382123199590907 ], [ -74.640564400079299, 50.381266600929585 ], [ -74.639483700124345, 50.380764700745445 ], [ -74.63847730013255, 50.381017299896619 ], [ -74.637041799501901, 50.38213719989178 ], [ -74.636571400872469, 50.381872100108197 ], [ -74.636066998609678, 50.381948999796649 ], [ -74.635902098611353, 50.381519001260109 ], [ -74.636415099836569, 50.381217298729581 ], [ -74.635173917283197, 50.381050337073496 ], [ -74.636822105677794, 50.379963734664187 ], [ -74.634202920995818, 50.379335109396507 ], [ -74.635074577137559, 50.37688823441502 ], [ -74.636826969414926, 50.376276394474417 ], [ -74.636633954809454, 50.374510208274771 ], [ -74.634546277693616, 50.374223710222545 ], [ -74.632390976123972, 50.374666213933963 ], [ -74.632892609784079, 50.373277665402192 ], [ -74.632396697262237, 50.373094556637113 ], [ -74.632272720463206, 50.372625351232209 ], [ -74.63040351859766, 50.372617722521632 ], [ -74.628919600095585, 50.372327803629908 ], [ -74.628986358354183, 50.371599199397153 ], [ -74.628417968898347, 50.371290205769242 ], [ -74.627838134979157, 50.370557785625429 ], [ -74.626953125282398, 50.370611190402499 ], [ -74.62612342782738, 50.371187210200887 ], [ -74.623750047263684, 50.371360854980779 ], [ -74.622242599305068, 50.371734400714125 ], [ -74.61556729997082, 50.374235199855086 ], [ -74.612659999735399, 50.374964400883783 ], [ -74.609409298580914, 50.375436000303608 ], [ -74.607778101374947, 50.37602700160523 ], [ -74.606003799842924, 50.375908999543306 ], [ -74.604584399975167, 50.375329100991834 ], [ -74.602444000685182, 50.373973700984507 ], [ -74.601740399667349, 50.373944400501969 ], [ -74.600558799741194, 50.374522100699004 ], [ -74.599605999253058, 50.375879700006443 ], [ -74.598557399364523, 50.376743799611887 ], [ -74.591788498910532, 50.379540800362221 ], [ -74.590942100507775, 50.380645700450756 ], [ -74.585075481448285, 50.378435946662293 ], [ -74.583668034309412, 50.373810229805365 ], [ -74.581577300508727, 50.373128889955581 ], [ -74.58077621298483, 50.371362685080662 ], [ -74.580236435838913, 50.372404099723028 ], [ -74.579223631984718, 50.37235832206278 ], [ -74.579086302958999, 50.371854782967922 ], [ -74.578327178735378, 50.371889115871184 ], [ -74.577983856325602, 50.371614456314141 ], [ -74.578809736747715, 50.37088585018882 ], [ -74.579170227473867, 50.369428634568443 ], [ -74.580160140449649, 50.369478225527885 ], [ -74.579391478917174, 50.368570328646804 ], [ -74.579410554116436, 50.368219375943795 ], [ -74.579027174036355, 50.368036270170613 ], [ -74.578958510854079, 50.367467881494036 ], [ -74.579013823839844, 50.366804123741829 ], [ -74.580234527485771, 50.366109847351751 ], [ -74.580532073152895, 50.365610121680795 ], [ -74.580259321523542, 50.365381242596833 ], [ -74.5801448817991, 50.364042282776524 ], [ -74.580348967129837, 50.363698959431822 ], [ -74.579597470775497, 50.363454819741477 ], [ -74.579519271512851, 50.3630847943787 ], [ -74.580432893007256, 50.362512588267229 ], [ -74.581447600296414, 50.362619399881154 ], [ -74.582084656003062, 50.362199784469951 ], [ -74.582368850446144, 50.362268449114659 ], [ -74.58213615305587, 50.361921310511178 ], [ -74.582416532587402, 50.361925125189508 ], [ -74.582494735228892, 50.361692430200769 ], [ -74.583103179939528, 50.36182212898516 ], [ -74.583267211291741, 50.36161995024019 ], [ -74.582954406200315, 50.361478804897949 ], [ -74.58317947325726, 50.361154556829355 ], [ -74.584186553176352, 50.361242293497625 ], [ -74.584074018760617, 50.360643387877779 ], [ -74.584510803054755, 50.360719681833693 ], [ -74.584842682783034, 50.360456466873117 ], [ -74.585252761677296, 50.360597610320021 ], [ -74.585597993555837, 50.360330581382726 ], [ -74.585327148676086, 50.359857560174859 ], [ -74.585918424551139, 50.359537124872055 ], [ -74.585271835463942, 50.35953331188729 ], [ -74.585153578680092, 50.359338760070791 ], [ -74.585771560074605, 50.359243391936964 ], [ -74.585941312985838, 50.358728407639731 ], [ -74.585531234382103, 50.358587265857317 ], [ -74.585786818600354, 50.358415603046453 ], [ -74.585229871403342, 50.358339309129491 ], [ -74.585847853747325, 50.357675551158977 ], [ -74.585481642464146, 50.357645034381001 ], [ -74.585737228295372, 50.357175827762887 ], [ -74.585479735240469, 50.356950758696165 ], [ -74.585826873278137, 50.356794358626054 ], [ -74.585710525478845, 50.356573104822459 ], [ -74.586011887860451, 50.356256484605566 ], [ -74.585361479354574, 50.35608100967923 ], [ -74.585945127457165, 50.355798720602763 ], [ -74.585857390690933, 50.355619429787424 ], [ -74.586374282153798, 50.355504989464329 ], [ -74.586364746367067, 50.355081558802453 ], [ -74.587232589362785, 50.354986191161267 ], [ -74.588140487581825, 50.354124070078164 ], [ -74.587320327358128, 50.353948592783723 ], [ -74.587516783800652, 50.352956772392417 ], [ -74.582820331596579, 50.351782919827848 ], [ -74.58065784179125, 50.34986621910074 ], [ -74.577210556405532, 50.344668794725102 ], [ -74.573855722721333, 50.343537732715298 ], [ -74.570579408075474, 50.345892125823511 ], [ -74.56858062802165, 50.351333622698782 ], [ -74.560514891875144, 50.356055787348907 ], [ -74.553549029915885, 50.355925422605132 ], [ -74.547477721131642, 50.355010989747377 ], [ -74.545573086260092, 50.351155377360151 ], [ -74.542144775106991, 50.34653854840105 ], [ -74.539390562709912, 50.338958743836137 ], [ -74.537593747691091, 50.338714353415696 ], [ -74.533945893179748, 50.338763601315328 ], [ -74.532699898394469, 50.338469799817283 ], [ -74.531858099721717, 50.338522300795191 ], [ -74.531532099222261, 50.339037601893267 ], [ -74.530265806453897, 50.339012150420778 ], [ -74.529910998053836, 50.338782300643587 ], [ -74.530132198728836, 50.338618499741081 ], [ -74.529960630533893, 50.338466649048151 ], [ -74.528411864160006, 50.338470462611625 ], [ -74.527569101124058, 50.339630200084606 ], [ -74.525871498942593, 50.340391400596289 ], [ -74.524584200201019, 50.341283900397478 ], [ -74.521553038940766, 50.342163090391701 ], [ -74.517758663819791, 50.345726903318464 ], [ -74.510450482638859, 50.341986284181516 ], [ -74.506291079387893, 50.339234650731974 ], [ -74.50336678660527, 50.336668019381051 ], [ -74.501908049791524, 50.335069913595326 ], [ -74.49911568906434, 50.329355977618675 ], [ -74.498448678674748, 50.327320547196571 ], [ -74.498265411610205, 50.324711609910764 ], [ -74.498561789677936, 50.3232469295532 ], [ -74.50099811620241, 50.317303635943858 ], [ -74.502728210389165, 50.314379126726081 ], [ -74.505064588805382, 50.311205351120904 ], [ -74.511983888455859, 50.303419131403857 ], [ -74.516708730014713, 50.298600288809268 ], [ -74.520829892727889, 50.295082843672539 ], [ -74.522888669094073, 50.292779942157175 ], [ -74.524426953934096, 50.290564812442 ], [ -74.528356664082366, 50.2835657651313 ], [ -74.53067127436158, 50.280850051377314 ], [ -74.53546334542547, 50.274465803853516 ], [ -74.537802110153095, 50.270616836886234 ], [ -74.543233004379132, 50.263245492451638 ], [ -74.546423917585344, 50.258176548648464 ], [ -74.548768043842102, 50.253580895146442 ], [ -74.550901597090132, 50.24597148294248 ], [ -74.552795772638675, 50.241391988251337 ], [ -74.554545061306968, 50.235768630382097 ], [ -74.556256129680818, 50.231197364041591 ], [ -74.56056518136981, 50.221536465186304 ], [ -74.562696135827267, 50.213845844029848 ], [ -74.563260240379748, 50.210394358538913 ], [ -74.564469345201175, 50.205353388835533 ], [ -74.569851128643037, 50.195920967744826 ], [ -74.572584612318622, 50.189482502920804 ], [ -74.575636949559865, 50.183332934666396 ], [ -74.582687741972649, 50.166638958539437 ], [ -74.586250460928298, 50.159429648991832 ], [ -74.587042507718706, 50.15686922061343 ], [ -74.590102730464125, 50.149334216161805 ], [ -74.595142718235593, 50.142570518306108 ], [ -74.595754411445583, 50.141394451924526 ], [ -74.599680071290194, 50.130471490781645 ], [ -74.6005328718675, 50.125509797826297 ], [ -74.601611871911913, 50.121924939314653 ], [ -74.605546595604949, 50.112944463641611 ], [ -74.607392488295787, 50.109610537708605 ], [ -74.61593137555019, 50.10538679988597 ], [ -74.638060614263594, 50.101275456425078 ], [ -74.639163098900056, 50.101489000424209 ], [ -74.649858897702416, 50.10097890131955 ], [ -74.659952799343117, 50.098127101050572 ], [ -74.665757398555215, 50.094247601184641 ], [ -74.670543299382928, 50.092760801136762 ], [ -74.677596600083106, 50.094272001726274 ], [ -74.701078099887198, 50.083646101610746 ], [ -74.699445319104967, 50.08164170748762 ], [ -74.709998204646794, 50.082448126391114 ], [ -74.724006314843336, 50.081960624088666 ], [ -74.734797179782689, 50.081877848116136 ], [ -74.755928846475882, 50.079486839250848 ], [ -74.771432040658084, 50.078798881502514 ], [ -74.781652415261632, 50.077982117013306 ], [ -74.793743991065398, 50.077446604554375 ], [ -74.797659027775069, 50.077021785419781 ], [ -74.803948297760499, 50.07697861320738 ], [ -74.809853071978267, 50.07167301257131 ], [ -74.814416526679423, 50.066014206301674 ], [ -74.815676531068561, 50.065368648750983 ], [ -74.81849500769907, 50.062710877174268 ], [ -74.823006115370845, 50.059381080966467 ], [ -74.83163867201597, 50.051767033856059 ], [ -74.834228486565337, 50.050124862982237 ], [ -74.83668141165812, 50.047610024622116 ], [ -74.840827645135874, 50.044000201114834 ], [ -74.843890889454585, 50.04256532304781 ], [ -74.846253217199759, 50.041902920816405 ], [ -74.854470889113855, 50.03994382995527 ], [ -74.857848804363925, 50.039424637496495 ], [ -74.857931501170071, 50.042380700301457 ], [ -74.858593599919942, 50.046050499861188 ], [ -74.855721399238391, 50.045706502080485 ], [ -74.852736510332861, 50.047308686358079 ], [ -74.850274830347658, 50.049155093148421 ], [ -74.849973476318993, 50.050129719649988 ], [ -74.849270099114847, 50.05067309935351 ], [ -74.85171420057074, 50.055653100388028 ], [ -74.851926100463714, 50.057727700855757 ], [ -74.850271699321468, 50.059491300982636 ], [ -74.850020700038399, 50.060501301144427 ], [ -74.853341099130432, 50.062350900586047 ], [ -74.855013899859372, 50.062727000809893 ], [ -74.856846400042627, 50.063811600293441 ], [ -74.859185899807954, 50.064053999794424 ], [ -74.86202418449308, 50.066905484352397 ], [ -74.863968947959108, 50.066406832602063 ], [ -74.866343744272513, 50.066735758547559 ], [ -74.8733262296779, 50.070436455093358 ], [ -74.877489698031837, 50.071058501399662 ], [ -74.876070300022221, 50.073691899420652 ], [ -74.876334599444831, 50.075118500739542 ], [ -74.875762999143404, 50.075161200816595 ], [ -74.871675700306099, 50.076855099746481 ], [ -74.868903799797465, 50.076663000438153 ], [ -74.866143299140646, 50.076875399681569 ], [ -74.865511100181834, 50.077737001086803 ], [ -74.866368201218364, 50.078886900838 ], [ -74.866229299478249, 50.079410001650857 ], [ -74.865410601018453, 50.080103000177687 ], [ -74.865542000711812, 50.080793799904612 ], [ -74.864675499562082, 50.080786000305658 ], [ -74.864591199787654, 50.081263599762373 ], [ -74.865054099027546, 50.081815600430424 ], [ -74.86614289916993, 50.082270400687868 ], [ -74.867430799834182, 50.081859601141339 ], [ -74.869743900256324, 50.082120000024418 ], [ -74.871365199048043, 50.081642302143621 ], [ -74.874530498307905, 50.081407099075413 ], [ -74.874787600141175, 50.081601801679092 ], [ -74.874781824344097, 50.082378878729237 ], [ -74.876005799542384, 50.082666401154754 ], [ -74.875639198242098, 50.083039400685578 ], [ -74.876093600104184, 50.083780301806833 ], [ -74.877819298898757, 50.08402060154696 ], [ -74.878387599821068, 50.0843465996753 ], [ -74.878671999691036, 50.084028500290344 ], [ -74.879222500665961, 50.084219799880337 ], [ -74.879313000034202, 50.084452499295949 ], [ -74.878288499689504, 50.084788300957094 ], [ -74.878243200564327, 50.085157501152381 ], [ -74.879388999199648, 50.085152900346856 ], [ -74.87962410028716, 50.086040300007063 ], [ -74.880230799844554, 50.085754301858785 ], [ -74.880594498743548, 50.086253600948773 ], [ -74.880971398478806, 50.086240100407061 ], [ -74.880880298459786, 50.086474900604678 ], [ -74.881477400220646, 50.086342000695687 ], [ -74.881162799603331, 50.08657949916023 ], [ -74.881374699547379, 50.086657899053023 ], [ -74.882594000235912, 50.086778201436786 ], [ -74.883900999352946, 50.086546899771946 ], [ -74.88432610046938, 50.086748599906002 ], [ -74.88531690040368, 50.086215301005403 ], [ -74.886842798559215, 50.086305001065995 ], [ -74.887059798761513, 50.085592000486749 ], [ -74.887723600442527, 50.085350300564301 ], [ -74.887722199867454, 50.084819801510442 ], [ -74.887206599163349, 50.083899800706867 ], [ -74.888035398263469, 50.083566200410282 ], [ -74.888879299320607, 50.083753901517213 ], [ -74.890385499488332, 50.08461710025594 ], [ -74.890225399544732, 50.084879801903696 ], [ -74.890796400380154, 50.085295500498283 ], [ -74.89080090007451, 50.085933900748543 ], [ -74.892748700081697, 50.087079501422416 ], [ -74.894658299560263, 50.087389200395897 ], [ -74.895609599222624, 50.088384900955347 ], [ -74.896615899730875, 50.088867299446299 ], [ -74.896623499256819, 50.089128001078855 ], [ -74.89596810099188, 50.08918080122119 ], [ -74.895407800593375, 50.089619100349481 ], [ -74.896015899393106, 50.089863600456617 ], [ -74.895954200096043, 50.090143099989703 ], [ -74.895703499675292, 50.090173101169 ], [ -74.895765098844251, 50.091332300753258 ], [ -74.896186599949175, 50.091408100807961 ], [ -74.896126398985245, 50.091741500102572 ], [ -74.897653099744758, 50.092334601546597 ], [ -74.901422900065583, 50.092199200429349 ], [ -74.902491499406167, 50.09289670088107 ], [ -74.903032799484649, 50.09228770071293 ], [ -74.904606299826796, 50.092088800967495 ], [ -74.905708499846796, 50.092498099930644 ], [ -74.907023197729941, 50.092527100474904 ], [ -74.908944701852093, 50.091325902286933 ], [ -74.909164651411089, 50.090869530975574 ], [ -74.916170705387188, 50.099434286042772 ], [ -74.915023398506307, 50.100306599314827 ], [ -74.913841300905233, 50.101939500425622 ], [ -74.91329839933239, 50.10201800111254 ], [ -74.912602399293519, 50.103069500015643 ], [ -74.912535999417699, 50.103663801062147 ], [ -74.910469798379893, 50.104237400160983 ], [ -74.910231998851629, 50.105184400655141 ], [ -74.911033899000145, 50.105354499958757 ], [ -74.911126198960446, 50.105641099362593 ], [ -74.910342498786946, 50.10609120091393 ], [ -74.910284800156475, 50.106505599860469 ], [ -74.912125198636275, 50.106806900483868 ], [ -74.91282739994044, 50.10643869994977 ], [ -74.913087099571001, 50.106714299696797 ], [ -74.914662399793258, 50.10656019904917 ], [ -74.914678599720446, 50.107108501231089 ], [ -74.915335999639638, 50.107118499933435 ], [ -74.915372999639885, 50.107423700745848 ], [ -74.915034899453218, 50.107814499901885 ], [ -74.915312860204267, 50.108272340561292 ], [ -74.912866539501266, 50.109188215282302 ], [ -74.912701598599114, 50.110243701541414 ], [ -74.912095399148072, 50.111500900755921 ], [ -74.908571599998425, 50.111966300208039 ], [ -74.907824399519725, 50.11271270094111 ], [ -74.907900899692677, 50.113413101297105 ], [ -74.907174799410228, 50.113925500586738 ], [ -74.906603800053034, 50.114004300235607 ], [ -74.907270499411894, 50.11528200218212 ], [ -74.911277899196051, 50.116986800629611 ], [ -74.913834261242684, 50.118641320833731 ], [ -74.916081915718806, 50.118679833730987 ], [ -74.917201993551444, 50.119657516250811 ], [ -74.920785902923797, 50.12124061692576 ], [ -74.920740126280933, 50.121538162586326 ], [ -74.920404434756861, 50.121553421900174 ], [ -74.920246123047832, 50.121904372041385 ], [ -74.919439314047878, 50.122056961697446 ], [ -74.918445587011846, 50.121980667057436 ], [ -74.917379379735976, 50.122335433933721 ], [ -74.916505812878839, 50.122121812141025 ], [ -74.914804457455375, 50.12233161877699 ], [ -74.914097853452333, 50.123528727353218 ], [ -74.913450240738484, 50.123823166493295 ], [ -74.914281530432874, 50.124796329823276 ], [ -74.91475677449597, 50.124982833532073 ], [ -74.91372774067284, 50.125558405851351 ], [ -74.909428489929638, 50.124746201489359 ], [ -74.908101215481494, 50.125338620896734 ], [ -74.907782799399442, 50.126551399383921 ], [ -74.908295899383404, 50.127830899650377 ], [ -74.912895900008678, 50.131569500481064 ], [ -74.915618499289408, 50.132345602000669 ], [ -74.917644298343845, 50.131313801229119 ], [ -74.920213522236125, 50.131165510837178 ], [ -74.920524598276316, 50.132223128570551 ], [ -74.921886445844308, 50.132368088545462 ], [ -74.922504425790592, 50.132955552524166 ], [ -74.922647474477984, 50.134012221230066 ], [ -74.924381256473666, 50.133985519069839 ], [ -74.924993514204644, 50.134309768651661 ], [ -74.925081254509934, 50.134469985522273 ], [ -74.924615858824822, 50.134798049387257 ], [ -74.925201417494137, 50.136140822057115 ], [ -74.926223755037654, 50.136667252947781 ], [ -74.926071168020158, 50.136739732732323 ], [ -74.925922392501846, 50.136869430580077 ], [ -74.925882843550667, 50.136944764393277 ], [ -74.876526152464393, 50.142578157644174 ], [ -74.872741699652153, 50.14300918945785 ], [ -74.830841062750721, 50.151739120182313 ], [ -74.872740774667108, 50.143010404028168 ], [ -74.952510211031168, 50.1338982028389 ], [ -74.953668006603706, 50.134716056770316 ], [ -74.952957022381995, 50.136404577466692 ], [ -74.961096489318905, 50.135442837632681 ], [ -74.961161048191613, 50.135046895463873 ], [ -74.96940915415631, 50.132920921995343 ], [ -74.970195308602939, 50.134575310479931 ], [ -74.972866764095457, 50.134399286159827 ], [ -74.973979401638346, 50.133583478316389 ], [ -74.974481068737191, 50.132178498468591 ], [ -74.973708216160617, 50.131587701760296 ], [ -74.972583248851052, 50.131267629053539 ], [ -74.971709533737254, 50.130697610151842 ], [ -74.971186796333058, 50.13010082958143 ], [ -74.970954068913898, 50.129249489489091 ], [ -74.971879236316866, 50.126014930974634 ], [ -74.972377474304096, 50.125216543344614 ], [ -74.973758557250633, 50.123971359121832 ], [ -74.975594478483785, 50.122814259013673 ], [ -74.977756495467148, 50.121883904525596 ], [ -74.980421834759028, 50.121186029650538 ], [ -74.98157190135089, 50.120635759601676 ], [ -74.983298514547329, 50.119172927754988 ], [ -74.98365113913195, 50.117706226125939 ], [ -74.984056757978024, 50.117040719859261 ], [ -74.986934471306441, 50.114448480293007 ], [ -74.990382154776071, 50.11196610519405 ], [ -74.992453500652005, 50.11131973192105 ], [ -74.995914220933997, 50.111185981396247 ], [ -74.997831429550814, 50.110533667398812 ], [ -74.999521338922463, 50.109562144691289 ], [ -75.001990991377411, 50.109176716719368 ], [ -75.003267063871277, 50.108634580341288 ], [ -75.003347100730039, 50.107787610381287 ], [ -75.003841537806309, 50.106839052464686 ], [ -75.00603439952495, 50.104715441717893 ], [ -75.010489477597503, 50.10298843918406 ], [ -75.013116855715808, 50.102516727663335 ], [ -75.017140337532055, 50.100197536687737 ], [ -75.018530843693213, 50.098919305671295 ], [ -75.018863166242255, 50.098339879020784 ], [ -75.018224206603008, 50.096754565481753 ], [ -75.018227238496593, 50.095865601037943 ], [ -75.018990198208641, 50.09440880005824 ], [ -75.019141217922723, 50.093537410697515 ], [ -75.020295680811159, 50.091663518063811 ], [ -75.021970729514976, 50.090370732109307 ], [ -75.025801227203743, 50.089366776091005 ], [ -75.025795077639955, 50.088944738256664 ], [ -75.024931252210777, 50.087708094165215 ], [ -75.024917612425128, 50.086453524782613 ], [ -75.025650353810789, 50.084666320203226 ], [ -75.027745904910944, 50.082287268974945 ], [ -75.025055385012706, 50.079862174734238 ], [ -75.024711824974602, 50.078947277201763 ], [ -75.024885040699928, 50.078118575173804 ], [ -75.025736987474644, 50.077309097390696 ], [ -75.025985430019134, 50.07660746626788 ], [ -75.02695114659835, 50.075545853132986 ], [ -75.030502120412947, 50.073690211368046 ], [ -75.031059077125775, 50.071786583593187 ], [ -75.03245791819289, 50.069429117778384 ], [ -75.033160883570687, 50.068751230211205 ], [ -75.034575644108315, 50.067981374596535 ], [ -75.035938440598301, 50.066206713871459 ], [ -75.036021577139493, 50.06284342899761 ], [ -75.036792468029617, 50.059287584392031 ], [ -75.036189221351151, 50.057458360982331 ], [ -75.034198911751375, 50.054606045639154 ], [ -75.033858557599316, 50.053162265179246 ], [ -75.033865205133807, 50.051980084904109 ], [ -75.035111450610358, 50.050063359438326 ], [ -75.035573294965147, 50.047246938250211 ], [ -75.036752479191989, 50.045580623165918 ], [ -75.036625072863487, 50.044620184123836 ], [ -75.036921754335197, 50.043884695105255 ], [ -75.037993951494713, 50.043123374116917 ], [ -75.040143925972487, 50.042824984916933 ], [ -75.041130239163692, 50.042120893246505 ], [ -75.041850014530084, 50.0395683619913 ], [ -75.042631696687323, 50.037810773667516 ], [ -75.042328361684326, 50.036426335083917 ], [ -75.04277555609616, 50.035511923426547 ], [ -75.042671598178472, 50.032843446143033 ], [ -75.038909271264316, 50.02727017800138 ], [ -75.032529033980495, 50.021257445699675 ], [ -75.028542423719159, 50.017884393975216 ], [ -75.024671026753836, 50.016124880893337 ], [ -75.006798663069944, 50.013046601051279 ], [ -75.004749718648071, 50.012386552166575 ], [ -75.009416562326308, 50.01245961722185 ], [ -75.030018115184419, 50.01113581477955 ], [ -75.046180295188904, 50.010543707374666 ], [ -75.050735979809488, 50.013255760015028 ], [ -75.052215573602652, 50.013108403475265 ], [ -75.054378696802971, 50.01347416010438 ], [ -75.055745560662871, 50.014280362220894 ], [ -75.058591835075376, 50.014719060781978 ], [ -75.059958439984399, 50.015231812907125 ], [ -75.061324234679773, 50.015084399371808 ], [ -75.060525571936381, 50.01361781717214 ], [ -75.060978748387683, 50.011930527441692 ], [ -75.064618460306477, 50.009948103874684 ], [ -75.067236508288943, 50.010093318035047 ], [ -75.068602030819363, 50.009872467870601 ], [ -75.074407256440821, 50.010162291671108 ], [ -75.076341959923326, 50.010014334171856 ], [ -75.079529629428507, 50.010452294444143 ], [ -75.081462592592288, 50.009277351332614 ], [ -75.084192420953769, 50.008248500684886 ], [ -75.089541599963525, 50.008171146005417 ], [ -75.091134454632979, 50.007876505099482 ], [ -75.097508204300112, 50.007944674519372 ], [ -75.101034299424356, 50.006914755644672 ], [ -75.103079935419416, 50.005519302718177 ], [ -75.104103579952167, 50.005224987594623 ], [ -75.106834484800046, 50.00500245550429 ], [ -75.122304477056261, 50.00190647094395 ], [ -75.125048809492753, 50.006964712335943 ], [ -75.115951961490765, 50.010348266214201 ], [ -75.108333270823806, 50.013583034500741 ], [ -75.089905759701253, 50.020346979085197 ], [ -75.083990103493335, 50.022771961255572 ], [ -75.069764857516546, 50.02688898140817 ], [ -75.057930105753016, 50.032396734375027 ], [ -75.052582911604986, 50.036800269379057 ], [ -75.0507156752318, 50.037828961603111 ], [ -75.05076950619285, 50.038558415687895 ], [ -75.0504785256677, 50.039263102861142 ], [ -75.049410678425062, 50.040283117367409 ], [ -75.048140908172982, 50.040813004593311 ], [ -75.047519020361023, 50.042139622912764 ], [ -75.049288420544485, 50.044723487456828 ], [ -75.050317215070649, 50.048243829697107 ], [ -75.050206671009065, 50.051471261111956 ], [ -75.049640640851791, 50.054918935373955 ], [ -75.048780406502217, 50.056707689644618 ], [ -75.04923417539834, 50.056861666208455 ], [ -75.049278895292503, 50.057198568163493 ], [ -75.048530139383075, 50.059765903334849 ], [ -75.047477446351181, 50.061504660745996 ], [ -75.047653981592418, 50.064119181093204 ], [ -75.047405143448231, 50.067869392781603 ], [ -75.044771836371538, 50.072186519660491 ], [ -75.043708437762604, 50.076482802893295 ], [ -75.042073539146187, 50.080251332346812 ], [ -75.042030724965926, 50.081798283250592 ], [ -75.041390805609765, 50.084899359963231 ], [ -75.040704919193502, 50.08657372855032 ], [ -75.039109540905315, 50.089236214136541 ], [ -75.033829582423195, 50.090024260518121 ], [ -75.033413837450453, 50.091110034622325 ], [ -75.031388913195613, 50.092752391470086 ], [ -75.025408944886152, 50.094363292285749 ], [ -75.024827150798217, 50.096236188285332 ], [ -75.025664971136266, 50.097273627601645 ], [ -75.025741740821971, 50.098379973432934 ], [ -75.025259570351494, 50.099749234888158 ], [ -75.024026324182117, 50.101236899258225 ], [ -75.02205713135676, 50.103089401969669 ], [ -75.017889578920077, 50.10566613737906 ], [ -75.01625686092973, 50.106311105402042 ], [ -75.012265638289932, 50.107082580097547 ], [ -75.011415367723814, 50.107903170192657 ], [ -75.010250752205451, 50.10855283772112 ], [ -75.010886658572332, 50.11014021812435 ], [ -75.010630551570088, 50.110859806933888 ], [ -75.010013412653834, 50.111464680156864 ], [ -75.007449959239139, 50.112618472239305 ], [ -75.00537253362252, 50.11283454327446 ], [ -75.004332027733767, 50.11331825200795 ], [ -75.002632826490071, 50.113581164635207 ], [ -74.999119894213464, 50.115051102059276 ], [ -74.995541037579599, 50.115814592486096 ], [ -74.993749526703368, 50.115824799625493 ], [ -74.992585289006172, 50.116597396516731 ], [ -74.990809973620728, 50.118277631819687 ], [ -74.99078818772233, 50.119213769168908 ], [ -74.990358633501899, 50.119897770245828 ], [ -74.989477309656195, 50.120506284166595 ], [ -74.988308069197515, 50.121945068969929 ], [ -74.986307023683665, 50.123496028226064 ], [ -74.984612066256787, 50.124496281991391 ], [ -74.978786695477226, 50.126670481719394 ], [ -74.978287896157241, 50.127218898098619 ], [ -74.978854034260536, 50.128009421804087 ], [ -74.978994162837395, 50.128842684547209 ], [ -74.979321062944862, 50.129352979430593 ], [ -74.980620739785195, 50.130242505595639 ], [ -74.981213729802278, 50.131406854174607 ], [ -74.981175379177174, 50.132560185464698 ], [ -74.980721064515265, 50.133691036986043 ], [ -74.980490237131548, 50.13527442026551 ], [ -74.977997095892306, 50.137227533679344 ], [ -74.974862529530071, 50.138269791507312 ], [ -74.972887193590566, 50.138570846171518 ], [ -74.971911782721975, 50.139150913148136 ], [ -74.971836689984286, 50.139933941807115 ], [ -74.972185554834979, 50.141378131186073 ], [ -74.974024228052357, 50.14417000395764 ], [ -74.976017839422823, 50.14501452336431 ], [ -74.977916880999018, 50.146498862997809 ], [ -74.97926708774466, 50.14817353144182 ], [ -74.979375614294938, 50.149805545245442 ], [ -74.980108167501299, 50.150649240857561 ], [ -74.980387102147262, 50.15156733030431 ], [ -74.98027582676302, 50.152984258336389 ], [ -74.979301440224589, 50.154782147040741 ], [ -74.978580453928842, 50.155501642326982 ], [ -74.974793350868765, 50.158087843708586 ], [ -74.972955104791694, 50.161197050331396 ], [ -74.973671240146658, 50.162172818278989 ], [ -74.973933852629671, 50.1629523786291 ], [ -74.977086236048251, 50.166676887162978 ], [ -74.975249765665495, 50.166677038805659 ], [ -74.989479233408304, 50.184171944906666 ], [ -74.989476264871016, 50.182177791087561 ], [ -74.990035935177175, 50.182173085059688 ], [ -74.997968599660908, 50.178761120620806 ], [ -74.999129459616981, 50.178459731520633 ], [ -75.00125052021356, 50.176073415733327 ], [ -75.001291266300257, 50.173132254991302 ], [ -75.007427973862448, 50.172695311899197 ], [ -75.008973696687406, 50.171787043278123 ], [ -75.013542992545823, 50.17217091738587 ], [ -75.016410144729448, 50.170290497983544 ], [ -75.017966580244106, 50.168161243449859 ], [ -75.019540334818615, 50.166950140810407 ], [ -75.023839454746408, 50.1687657817236 ], [ -75.029083426305064, 50.170246353533912 ], [ -75.034731963838553, 50.169097959143237 ], [ -75.0387445098482, 50.171113056671075 ], [ -75.04047916253873, 50.173874058975855 ], [ -75.043107745922853, 50.175282110588803 ], [ -75.041697277886627, 50.177139628578118 ], [ -75.044085369994846, 50.178410830045451 ], [ -75.047287446406486, 50.176981834281456 ], [ -75.051690159387618, 50.176251624826357 ], [ -75.052856740523097, 50.180559378708722 ], [ -75.060056704699207, 50.187973266927166 ], [ -75.062164393153779, 50.18852495372105 ], [ -75.066660721171345, 50.190400665822537 ], [ -75.068032551321295, 50.191106235043044 ], [ -75.068809120075997, 50.191878633458522 ], [ -75.07075613384842, 50.192390884617438 ], [ -75.073280875395895, 50.192398444311721 ], [ -75.073458442558092, 50.192268159675081 ], [ -75.073195191312024, 50.19213899867588 ], [ -75.077416135103363, 50.18566206541432 ], [ -75.079160745281968, 50.182385213838735 ], [ -75.082739060522513, 50.181288785150556 ], [ -75.085019139101334, 50.179233014010968 ], [ -75.087069455530141, 50.176243940086536 ], [ -75.087075552376263, 50.17322829192203 ], [ -75.089248992294756, 50.169635174256761 ], [ -75.093579801282218, 50.171024257602227 ], [ -75.09747748179349, 50.169127135648679 ], [ -75.098952504653084, 50.168909271432845 ], [ -75.100878157229658, 50.168019635476746 ], [ -75.102242653613104, 50.167895517121345 ], [ -75.103455556116245, 50.168168693368465 ], [ -75.10537311525016, 50.169136066183228 ], [ -75.105752312906148, 50.169676397627612 ], [ -75.106008375679423, 50.170742529043856 ], [ -75.105769799965643, 50.171724306789791 ], [ -75.106213049504447, 50.171997938208477 ], [ -75.11713180928939, 50.171342736684473 ], [ -75.117778799953541, 50.169994821271075 ], [ -75.118330761309281, 50.167666769408783 ], [ -75.117301613910428, 50.166880581383829 ], [ -75.116745150509672, 50.165589527485018 ], [ -75.116802142472793, 50.164852507643324 ], [ -75.117485606903685, 50.163886000145631 ], [ -75.116884069687387, 50.162732896029674 ], [ -75.11698061185831, 50.1618747290145 ], [ -75.117779569271676, 50.160602842796486 ], [ -75.119769736322894, 50.159455878571052 ], [ -75.120039241340237, 50.157790551601202 ], [ -75.120933262669183, 50.156552113874966 ], [ -75.122769011219717, 50.155631973210234 ], [ -75.124218035336298, 50.155333031624686 ], [ -75.126808113058516, 50.152727315961727 ], [ -75.127643985480219, 50.152218306023912 ], [ -75.12739627473465, 50.150368753984246 ], [ -75.128230214252085, 50.148988480257962 ], [ -75.127653278846594, 50.148238759972038 ], [ -75.126398889156448, 50.149338055206577 ], [ -75.125465630652414, 50.14977189243546 ], [ -75.123347392488455, 50.150042434471239 ], [ -75.122205263770567, 50.149943742705695 ], [ -75.120058800968238, 50.148819508317068 ], [ -75.11933906463419, 50.147515366838782 ], [ -75.117499717509673, 50.146895242323751 ], [ -75.116557421146325, 50.146066023902023 ], [ -75.116322609002182, 50.144574898910427 ], [ -75.116900729556278, 50.143631068359717 ], [ -75.116477760313302, 50.142922768142746 ], [ -75.116610727974248, 50.142043409939099 ], [ -75.11956781627363, 50.139351444544332 ], [ -75.119546511523254, 50.138563530834844 ], [ -75.120335015810355, 50.136828014488025 ], [ -75.120909733962606, 50.136187897740548 ], [ -75.121629334701765, 50.135816164053061 ], [ -75.123277955405001, 50.135540707677201 ], [ -75.124218496062682, 50.134831967311634 ], [ -75.125970934253289, 50.13422660507802 ], [ -75.129826192710382, 50.133399454645776 ], [ -75.131618230607273, 50.133327787187788 ], [ -75.133355318800454, 50.133679346898042 ], [ -75.134727473966223, 50.134867210659777 ], [ -75.136105609726982, 50.134858138558698 ], [ -75.137574775876672, 50.135355947450705 ], [ -75.141601173558229, 50.135072108508119 ], [ -75.142739529024681, 50.135187395361442 ], [ -75.14553466485799, 50.134691254768434 ], [ -75.147546056250988, 50.134937636466809 ], [ -75.148889802331951, 50.134284215905424 ], [ -75.151095459592142, 50.134187490042734 ], [ -75.156620133590977, 50.134465983679121 ], [ -75.158869241522297, 50.13571227199386 ], [ -75.161370387116264, 50.134154500469009 ], [ -75.162079103790177, 50.132436009682543 ], [ -75.163115864207455, 50.131445460970674 ], [ -75.164397188384541, 50.130757594539929 ], [ -75.1656484128291, 50.13039028274931 ], [ -75.166913235476031, 50.130428147171649 ], [ -75.167811641432664, 50.129935307558576 ], [ -75.17033071265277, 50.129329855107194 ], [ -75.171707430248219, 50.129311568736981 ], [ -75.172932822340044, 50.129714780836778 ], [ -75.174282085070715, 50.130846663084924 ], [ -75.174591976080194, 50.131556577054965 ], [ -75.174441647590044, 50.132714121940339 ], [ -75.173870082561734, 50.133518852926564 ], [ -75.172541027427883, 50.134338620596431 ], [ -75.170323533778287, 50.134936092528541 ], [ -75.17014079749562, 50.135871713158672 ], [ -75.169588211345712, 50.136810763556007 ], [ -75.178931409467992, 50.146500818259312 ], [ -75.177398934317779, 50.14836022931577 ], [ -75.190050706167739, 50.15538818433923 ], [ -75.216270349450326, 50.150656299140067 ], [ -75.226100716910892, 50.141815953178636 ], [ -75.238851846563165, 50.139017293220519 ], [ -75.25399257989119, 50.138789546120954 ], [ -75.253710599700881, 50.1310778551711 ], [ -75.227345584169399, 50.118861821387796 ], [ -75.215648614513256, 50.114981645428692 ], [ -75.222439342898227, 50.109025829894655 ], [ -75.239173633290477, 50.106974694885579 ], [ -75.257738610193329, 50.107145463309159 ], [ -75.278461820148266, 50.108856637538551 ], [ -75.283969499985631, 50.106294883500702 ], [ -75.287735261552953, 50.10398490869234 ], [ -75.292483227105521, 50.099858014227117 ], [ -75.294422916838073, 50.095549165048645 ], [ -75.304910831892059, 50.095161342313773 ], [ -75.304030279730412, 50.099679119642538 ], [ -75.305590702167706, 50.10393373784563 ], [ -75.312273515244698, 50.104730407444563 ], [ -75.320911127301159, 50.101667567150074 ], [ -75.328053803673953, 50.096150377668451 ], [ -75.336123922083445, 50.087465192892687 ], [ -75.341915431416609, 50.083319722901962 ], [ -75.347049689663905, 50.080310447631852 ], [ -75.351560546525292, 50.081133078951638 ], [ -75.353275279449448, 50.077830645723736 ], [ -75.355772454219348, 50.075881976144593 ], [ -75.35633418192424, 50.07430929327387 ], [ -75.362154832832175, 50.070616893580258 ], [ -75.367717191554988, 50.070528716017911 ], [ -75.37013736106698, 50.068071789369455 ], [ -75.372338291358531, 50.069473310332434 ], [ -75.376284127226398, 50.069228583923589 ], [ -75.378499427703218, 50.068065804408626 ], [ -75.381313441734832, 50.065584150793924 ], [ -75.384037191168119, 50.0651586681889 ], [ -75.386913242940778, 50.065748981585514 ], [ -75.391035808705865, 50.069337737848407 ], [ -75.392600759150369, 50.071803781862819 ], [ -75.397730456501193, 50.071484674851675 ], [ -75.403572881034847, 50.070608258883645 ], [ -75.409557956866507, 50.07023530991998 ], [ -75.413068416975335, 50.065697445086023 ], [ -75.440257369969473, 50.05331169749703 ], [ -75.444673009604486, 50.045910772434624 ], [ -75.454951565435053, 50.062911832481397 ], [ -75.44948701682398, 50.060817258583114 ], [ -75.444655758938595, 50.0613140675895 ], [ -75.445911441099938, 50.073539231558591 ], [ -75.461775314936304, 50.170358365232488 ], [ -75.467385185750771, 50.175415140974607 ], [ -75.470252609833011, 50.179014583446822 ], [ -75.472663269182434, 50.18133017001032 ], [ -75.469361839437866, 50.18390926525958 ], [ -75.470143821635688, 50.186424043343322 ], [ -75.467877321332182, 50.189899198362731 ], [ -75.467993240781155, 50.190661081107443 ], [ -75.465446648661683, 50.194922888328534 ], [ -75.462590641596961, 50.197152939610064 ], [ -75.459936997767812, 50.198088317014218 ], [ -75.455392006259757, 50.197090966985151 ], [ -75.451831251699417, 50.197313774292901 ], [ -75.452062599423982, 50.198837580522984 ], [ -75.450826951668859, 50.201222289010971 ], [ -75.447535609347725, 50.203222740844531 ], [ -75.442226897873468, 50.205092725304169 ], [ -75.438308230369458, 50.205593789702554 ], [ -75.436598980566487, 50.207495105191043 ], [ -75.428457823341361, 50.214412202221183 ], [ -75.42761635264786, 50.216772011401389 ], [ -75.424515002506425, 50.220041704638078 ], [ -75.422843062645839, 50.222196809284235 ], [ -75.42160526705743, 50.224581233014518 ], [ -75.420252123751695, 50.22620369619343 ], [ -75.418367777355428, 50.227861812034945 ], [ -75.462248066293483, 50.341424219346187 ], [ -75.464973105980263, 50.34669701845656 ], [ -75.477363965674996, 50.368031826384872 ], [ -75.468858149047819, 50.373234313544813 ], [ -75.463704201690149, 50.376709350352527 ], [ -75.453746217804252, 50.382528531913948 ], [ -75.444895947928785, 50.382242171860312 ], [ -75.431148650253363, 50.378558773712143 ], [ -75.423031291371629, 50.379562751075895 ], [ -75.411568932648322, 50.381925368150554 ], [ -75.4119008994506, 50.390179652314565 ], [ -75.414289514515247, 50.398834811450641 ], [ -75.40932354991908, 50.410653937926661 ], [ -75.391889860145326, 50.417024917048629 ], [ -75.372921543488374, 50.417848515796678 ], [ -75.374003428475433, 50.421584238248116 ], [ -75.373923340536152, 50.423808288842004 ], [ -75.372989343739121, 50.425952299335925 ], [ -75.371917301867171, 50.427271304228121 ], [ -75.370518227487253, 50.428460316848017 ], [ -75.370532244786091, 50.431199369358886 ], [ -75.370159132803593, 50.432665385705242 ], [ -75.418185388974067, 50.493657176579582 ], [ -75.418668372441232, 50.49456624292619 ], [ -75.43688939022725, 50.492037933929311 ], [ -75.47096476994858, 50.483829114455951 ], [ -75.532226786407136, 50.462945831038404 ], [ -75.541014454480631, 50.478349678340294 ], [ -75.597312942874538, 50.56838293624017 ], [ -75.595346727745095, 50.568760379196114 ], [ -75.591213539035721, 50.577720471594809 ], [ -75.592869137935196, 50.582176710081761 ], [ -75.594661840882495, 50.582040340297894 ], [ -75.600503526686794, 50.582552607736098 ], [ -75.602883803918076, 50.585185358036853 ], [ -75.598613052395578, 50.591815314001678 ], [ -75.603180764312526, 50.59982567329422 ], [ -75.603445839906925, 50.601301675430577 ], [ -75.603843779769505, 50.610039740037962 ], [ -75.608695876550371, 50.613525759443831 ], [ -75.610679902928965, 50.615371857142399 ], [ -75.611882965955331, 50.617460836984826 ], [ -75.613483174883257, 50.623097771907453 ], [ -75.620782829816861, 50.62376235213091 ], [ -75.631277084323827, 50.626864089608951 ], [ -75.634598835317973, 50.631271609311909 ], [ -75.647764215967484, 50.631296118461108 ], [ -75.652086123697885, 50.631959298541716 ], [ -75.652922430579594, 50.635891086019768 ], [ -75.654144447803205, 50.638540156911716 ], [ -75.658855486393549, 50.645768213994231 ], [ -75.660206628313134, 50.648940261290321 ], [ -75.662575627325225, 50.656334327777458 ], [ -75.665581107473159, 50.662982549459578 ], [ -75.659652208969646, 50.664976976827987 ], [ -75.660082893287736, 50.669351545069134 ], [ -75.657902537667852, 50.67124439275711 ], [ -75.650173331882698, 50.672210645514106 ], [ -75.638865118284954, 50.672830375402569 ], [ -75.631172382750492, 50.674618037186612 ], [ -75.630492538294817, 50.672631456715941 ], [ -75.607096270814182, 50.681212301606116 ], [ -75.598192790153092, 50.686804347545227 ], [ -75.596835777623582, 50.690598367676408 ], [ -75.595399619311365, 50.692629307184077 ], [ -75.580738938149423, 50.705183421426234 ], [ -75.578562829945056, 50.709448449105949 ], [ -75.581208921076907, 50.714054462799609 ], [ -75.598592535303709, 50.720233556974584 ], [ -75.601736638629845, 50.722424613046584 ], [ -75.602837716601599, 50.723735617673093 ], [ -75.603838718487552, 50.725781643205764 ], [ -75.638862067907425, 50.72052175272799 ], [ -75.656921815264241, 50.720251776604364 ], [ -75.661546993052141, 50.720694829899209 ], [ -75.68639993077457, 50.726573923607624 ], [ -75.690462014883821, 50.728058912750029 ], [ -75.692141124807776, 50.729094922793053 ], [ -75.693530140161457, 50.730293013509147 ], [ -75.694762210834682, 50.731906967948866 ], [ -75.701635296777695, 50.743811145727044 ], [ -75.70812352766707, 50.74713016326919 ], [ -75.711994257696674, 50.747406661011269 ], [ -75.717180145149953, 50.746743413881234 ], [ -75.721182295348527, 50.74681766492111 ], [ -75.728594090707702, 50.747556634426815 ], [ -75.733877306707953, 50.746901752290064 ], [ -75.736125701066939, 50.74688490486983 ], [ -75.737915920889165, 50.746317653898956 ], [ -75.741000577239731, 50.744360629634109 ], [ -75.745876464728894, 50.742513167766916 ], [ -75.755173420967225, 50.741110147459452 ], [ -75.758422336043623, 50.740929343682993 ], [ -75.760157615020589, 50.740969267377892 ], [ -75.764626352964854, 50.741662001652244 ], [ -75.767091566292763, 50.742557835169542 ], [ -75.775493520518353, 50.73908352303777 ], [ -75.782322640830387, 50.737073895679274 ], [ -75.786717179287379, 50.736285349708155 ], [ -75.793511813258874, 50.735654201315349 ], [ -75.796245085498512, 50.735865751776529 ], [ -75.79794521277752, 50.735386574164927 ], [ -75.802717324738808, 50.734891412229373 ], [ -75.808785196128014, 50.735409480115599 ], [ -75.811381611862885, 50.735932906493971 ], [ -75.814960910642768, 50.737481329673294 ], [ -75.817714717317173, 50.736518539915103 ], [ -75.820568782963093, 50.73608252614045 ], [ -75.824185619085142, 50.734785133964081 ], [ -75.829376132960761, 50.734035932840733 ], [ -75.835585272406021, 50.734180724405078 ], [ -75.843773748611085, 50.735454437937925 ], [ -75.847294353881978, 50.736845502610635 ], [ -75.849173044128463, 50.736548220701025 ], [ -75.854561962660384, 50.736428226647377 ], [ -75.856406448341559, 50.734929389092947 ], [ -75.859414633043556, 50.733497334691698 ], [ -75.861569054431229, 50.732847154426395 ], [ -75.872474654145805, 50.731488534769234 ], [ -75.875254855500728, 50.731328940077354 ], [ -75.877268800100723, 50.7315943510485 ], [ -75.880051271497877, 50.730451606806469 ], [ -75.88317812493095, 50.729654628678659 ], [ -75.88979359901964, 50.728762786184923 ], [ -75.8908630534482, 50.72887312934207 ], [ -75.893095242228171, 50.728615179157757 ], [ -75.89921743639492, 50.727074668206143 ], [ -75.905740104087144, 50.723535751215088 ], [ -75.911636439327481, 50.718382294093523 ], [ -75.915458395418241, 50.716675102094932 ], [ -75.916792739909837, 50.714685950240103 ], [ -75.918219325408984, 50.713272285746143 ], [ -75.920372876769392, 50.71158442309131 ], [ -75.921719776706539, 50.710829018136764 ], [ -75.926741804859901, 50.708839933343484 ], [ -75.929335151037606, 50.708206225439923 ], [ -75.930934229518527, 50.707538975148132 ], [ -75.936530302551105, 50.706872723201428 ], [ -75.944477378071156, 50.707831619552202 ], [ -75.950686353266249, 50.70908104191156 ], [ -75.95430917625167, 50.71046476516581 ], [ -75.956706838254647, 50.712046956196907 ], [ -75.960055755111625, 50.710864884424183 ], [ -75.965639370526446, 50.710165933473434 ], [ -75.967882542529324, 50.710058828976585 ], [ -75.969596597047598, 50.710283386676274 ], [ -75.97630928072725, 50.709863130315121 ], [ -75.985493170779677, 50.710350865348339 ], [ -75.988965168540389, 50.708932501369027 ], [ -75.994676426750303, 50.707365132415624 ], [ -75.998488825909888, 50.706668601082612 ], [ -76.006092147373835, 50.7059542274771 ], [ -76.01282361024785, 50.705912932363645 ], [ -76.018943074005477, 50.706301301787377 ], [ -76.022839267138238, 50.706135885284368 ], [ -76.042178011002662, 50.707099000637157 ], [ -76.046736942535048, 50.706786939791577 ], [ -76.051755007537921, 50.706886857524239 ], [ -76.061537650861922, 50.707881198355068 ], [ -76.065410491480336, 50.708599138916036 ], [ -76.069441477293211, 50.709938121810843 ], [ -76.074423672747315, 50.712653982404497 ], [ -76.076389633283654, 50.713117192427632 ], [ -76.091153914790041, 50.714227393378778 ], [ -76.094312534657675, 50.713301428599884 ], [ -76.099759653844885, 50.712193307895042 ], [ -76.103745337648334, 50.711787487269973 ], [ -76.109044336475876, 50.711662112460111 ], [ -76.112536630834015, 50.712099059296918 ], [ -76.116471213112447, 50.712922836653171 ], [ -76.117831947774633, 50.712768441183982 ], [ -76.127646653781042, 50.71408880934996 ], [ -76.131632209590251, 50.714234387199127 ], [ -76.135764445987164, 50.714757452085344 ], [ -76.141581080553067, 50.716246976817438 ], [ -76.144207960726078, 50.717355487647005 ], [ -76.147981504870444, 50.719366331473481 ], [ -76.149643639782312, 50.719170535713907 ], [ -76.151717177237316, 50.719438844396329 ], [ -76.163661794599548, 50.718215548409511 ], [ -76.17336178685953, 50.719541544065265 ], [ -76.17679096986619, 50.720251597027911 ], [ -76.185333267153752, 50.720941653938745 ], [ -76.199025788230742, 50.720935622247268 ], [ -76.20621110182671, 50.721489662818513 ], [ -76.212172305648735, 50.722318713498346 ], [ -76.222464694323563, 50.72253668591528 ], [ -76.224733071424438, 50.723506626541869 ], [ -76.2277862576654, 50.726430351344248 ], [ -76.229269956940257, 50.729009184346275 ], [ -76.229935840733177, 50.731107051118883 ], [ -76.229940781543533, 50.732658877569541 ], [ -76.235637757694747, 50.733622249007205 ], [ -76.238471309284179, 50.733063580806416 ], [ -76.241321254770284, 50.7328864020403 ], [ -76.246634961288578, 50.733325226420163 ], [ -76.250333851625683, 50.734129740691422 ], [ -76.252766335811927, 50.734960547300993 ], [ -76.255554199904481, 50.736268805710438 ], [ -76.260968732325722, 50.738088552956683 ], [ -76.26615224058213, 50.737403725930349 ], [ -76.268662436055052, 50.736424106662803 ], [ -76.274087077485206, 50.735750459510399 ], [ -76.279505189032676, 50.736445116475601 ], [ -76.282997693999036, 50.7379354729567 ], [ -76.285388366493976, 50.738215867494354 ], [ -76.289042460419807, 50.739123550301805 ], [ -76.293415813473274, 50.741077691627908 ], [ -76.295666410779376, 50.742399228719407 ], [ -76.301868371873525, 50.742193524431777 ], [ -76.306780839704018, 50.741714579748539 ], [ -76.308271933764345, 50.741068190424023 ], [ -76.3092429516485, 50.740244483014301 ], [ -76.311578020383777, 50.738981720882556 ], [ -76.312402577656528, 50.737502308709438 ], [ -76.316123667314258, 50.732851695365056 ], [ -76.333380971535902, 50.734730198080406 ], [ -76.369864308879528, 50.737096379982248 ], [ -76.385972618680157, 50.739932324931218 ], [ -76.389141021017721, 50.748178763475458 ], [ -76.392773093713885, 50.753434828396642 ], [ -76.4011751058231, 50.758011221564892 ], [ -76.40856585817852, 50.759902469464514 ], [ -76.414765308115463, 50.761188300572925 ], [ -76.422605145339631, 50.760268150478723 ], [ -76.427278527033039, 50.759415643857942 ], [ -76.429630627517682, 50.76090672750535 ], [ -76.432756620418942, 50.76407668983817 ], [ -76.435971832177813, 50.765861138328411 ], [ -76.438675058356026, 50.767958160071565 ], [ -76.440452026349575, 50.769644839539232 ], [ -76.441593067186872, 50.771154906242579 ], [ -76.445619408578239, 50.772656907377254 ], [ -76.450431648089022, 50.775500303008613 ], [ -76.452570398859336, 50.777766797363697 ], [ -76.453024934295797, 50.7786267380053 ], [ -76.458167098246207, 50.779322468490562 ], [ -76.460463014091772, 50.780153343884891 ], [ -76.463221448964347, 50.780748663528854 ], [ -76.466668359030606, 50.782299020524924 ], [ -76.466668645216771, 50.808181128126535 ], [ -76.46545758668212, 50.80802814398816 ], [ -76.464221592370777, 50.807504417417512 ], [ -76.461104493781704, 50.808151930891839 ], [ -76.458030132810222, 50.808457008462568 ], [ -76.456589599489405, 50.808107037940374 ], [ -76.445128120274404, 50.803470484309479 ], [ -76.434229873895561, 50.796827872949756 ], [ -76.42529382028971, 50.79216040340512 ], [ -76.409913201527317, 50.782383982833132 ], [ -76.402871402174611, 50.781140109554137 ], [ -76.400054559276555, 50.779917532811744 ], [ -76.396026564916809, 50.779173579663045 ], [ -76.391430866295721, 50.777220572615882 ], [ -76.390186557082913, 50.776035991429595 ], [ -76.387736020931811, 50.774744867983692 ], [ -76.385449985316853, 50.772899399424958 ], [ -76.383962823319678, 50.771033320119912 ], [ -76.383006464351126, 50.768964148166432 ], [ -76.380690758456012, 50.766818417580161 ], [ -76.380094331155618, 50.765898034745071 ], [ -76.375912469470947, 50.766980493886017 ], [ -76.372743140351076, 50.767203636835056 ], [ -76.368744640354436, 50.76689877788457 ], [ -76.364395848243618, 50.76593105370894 ], [ -76.361337775391036, 50.768803892733565 ], [ -76.357748392694802, 50.770646367767057 ], [ -76.358675018261636, 50.773678385860975 ], [ -76.358697250260917, 50.775755099545769 ], [ -76.358387659337026, 50.777688772494635 ], [ -76.357557753661482, 50.779694927463559 ], [ -76.35683692543779, 50.780739536953028 ], [ -76.354696566836679, 50.782893193796681 ], [ -76.338273836103056, 50.782434385418512 ], [ -76.325336055683536, 50.782875435298578 ], [ -76.323879005257069, 50.781854938919693 ], [ -76.320127303145156, 50.780054237549273 ], [ -76.317022733055964, 50.777386206192936 ], [ -76.315441597398319, 50.775112179263139 ], [ -76.314678497157061, 50.772375004256659 ], [ -76.314207918036885, 50.771734183529382 ], [ -76.313187100475503, 50.768436288214218 ], [ -76.310269275627093, 50.767337754155022 ], [ -76.308852438739848, 50.766550919230866 ], [ -76.307875676817659, 50.765686825090754 ], [ -76.30445686820525, 50.763756833204951 ], [ -76.297439319271177, 50.764004542259642 ], [ -76.293892387821302, 50.763661278946373 ], [ -76.288010426362732, 50.764527258863964 ], [ -76.284573680605718, 50.764252482132747 ], [ -76.281491375388299, 50.76353910058846 ], [ -76.279376715621382, 50.762566400538027 ], [ -76.27689131288389, 50.762082909379245 ], [ -76.273144960551946, 50.760373749136832 ], [ -76.271140249990751, 50.758458052012713 ], [ -76.269554804704839, 50.758621649957284 ], [ -76.267615854634997, 50.758373010079282 ], [ -76.261233182438119, 50.758973519949279 ], [ -76.258285057730959, 50.758976430607625 ], [ -76.253228267762353, 50.758360546490884 ], [ -76.248242137989919, 50.758185510336467 ], [ -76.232276182622584, 50.754863949176944 ], [ -76.227277106946161, 50.752578450948 ], [ -76.218474813659782, 50.753690796624326 ], [ -76.212474753304832, 50.752946850476178 ], [ -76.207832714776288, 50.750968506135102 ], [ -76.206082191411355, 50.749627743592342 ], [ -76.202873063432506, 50.74573350027682 ], [ -76.201997539466547, 50.74426122675645 ], [ -76.199840110144549, 50.739813168293914 ], [ -76.199350364982621, 50.73653404813362 ], [ -76.195397566800125, 50.735413194316216 ], [ -76.189651333821658, 50.736158660975953 ], [ -76.187504088910728, 50.736001904626249 ], [ -76.184092180456005, 50.737460079189916 ], [ -76.182348841186595, 50.737941332949944 ], [ -76.172123550950076, 50.739535455358798 ], [ -76.168143310485718, 50.73956101394635 ], [ -76.16346324091171, 50.738904203526992 ], [ -76.159187876206502, 50.738656879182614 ], [ -76.153079360690782, 50.739884985604306 ], [ -76.149218334349868, 50.740080650280063 ], [ -76.146133274202086, 50.739927723860099 ], [ -76.146358106957166, 50.7416696983517 ], [ -76.076438206493307, 50.737840970060759 ], [ -76.033333338404091, 50.736432387327852 ], [ -76.033333326308977, 50.758333337845805 ], [ -76.050000001997901, 50.75833334100264 ], [ -76.050000002741598, 50.766666671013503 ], [ -76.066666665226691, 50.766666672555914 ], [ -76.066666670502428, 50.774284425710626 ], [ -75.991666670874125, 50.775000002771968 ], [ -75.966666663854383, 50.775000001928326 ], [ -75.897693980004732, 50.789819085823396 ], [ -75.87029396440866, 50.755514036305634 ], [ -75.869482159919187, 50.755690732061083 ], [ -75.896941627799677, 50.790071030471616 ], [ -75.894995643667997, 50.791216671979107 ], [ -75.893300391256318, 50.793213924423704 ], [ -75.891770369996465, 50.794072178386656 ], [ -75.874679309526371, 50.797706993860785 ], [ -75.873070145153378, 50.797653163986944 ], [ -75.87084964962466, 50.797019155659726 ], [ -75.867439933111726, 50.795116731866514 ], [ -75.865275085944987, 50.792948806166947 ], [ -75.861663290262911, 50.785970619314803 ], [ -75.861228857003283, 50.783615564536632 ], [ -75.861370370000685, 50.780131375705629 ], [ -75.857091869998129, 50.780363441865447 ], [ -75.852712923890167, 50.779453906627609 ], [ -75.851008842085648, 50.778500170290648 ], [ -75.849745623626276, 50.776577522741377 ], [ -75.849487305000736, 50.776506231097024 ], [ -75.846724300698028, 50.777170359842529 ], [ -75.844315588056034, 50.77719876386174 ], [ -75.843008663309618, 50.776952368015678 ], [ -75.841324260592003, 50.776148856894991 ], [ -75.838254441970619, 50.774052336967323 ], [ -75.835621332475711, 50.771060095258314 ], [ -75.834373621057296, 50.768559973866793 ], [ -75.833417291869509, 50.764594261730217 ], [ -75.791651084909972, 50.776308482204996 ], [ -75.6940659365182, 50.780218232389721 ], [ -75.597336782597992, 50.767771320367473 ], [ -75.499272427238353, 50.76034831934809 ], [ -75.45924688962117, 50.761027820006795 ], [ -75.441289342600101, 50.770921939792167 ], [ -75.433627981353254, 50.770274374572097 ], [ -75.427476592958868, 50.773159444158566 ], [ -75.416872876612516, 50.774527054139796 ], [ -75.410622711483285, 50.775027238223664 ], [ -75.404501545188722, 50.778705788258776 ], [ -75.397591799925834, 50.778420838340153 ], [ -75.39706159435309, 50.780815070541877 ], [ -75.383624879599623, 50.789780089592831 ], [ -75.372000429958788, 50.797124049532584 ], [ -75.368770555809434, 50.794790258486159 ], [ -75.36228510100301, 50.805231549671618 ], [ -75.362143722211414, 50.81067697727994 ], [ -75.353166851194203, 50.809102610790973 ], [ -75.349098793745725, 50.807882888685413 ], [ -75.343940182482427, 50.805056499738598 ], [ -75.339911570045643, 50.803350666370527 ], [ -75.332631291163977, 50.799342888039675 ], [ -75.32215628795025, 50.794821777634944 ], [ -75.312833230144307, 50.792535945047248 ], [ -75.298134893566001, 50.788177055710435 ], [ -75.288680168187824, 50.784801499902073 ], [ -75.280711000117051, 50.782995388722448 ], [ -75.271503498507641, 50.780301500308504 ], [ -75.261769328620517, 50.777113166993658 ], [ -75.257054883212149, 50.776080389536304 ], [ -75.248129605154361, 50.77262844581476 ], [ -75.243061269374437, 50.771595944853146 ], [ -75.241061268595274, 50.771528167361268 ], [ -75.236463212036668, 50.77087233387924 ], [ -75.232402655381833, 50.769945111717732 ], [ -75.221857929932796, 50.76822094532551 ], [ -75.210739594190159, 50.768070667697465 ], [ -75.203045426072606, 50.769433445798946 ], [ -75.194003203533697, 50.770698723939581 ], [ -75.18149403226009, 50.774100112313008 ], [ -75.173816808660078, 50.776665946183087 ], [ -75.166891252108741, 50.779490668150366 ], [ -75.158801527653864, 50.782280946356884 ], [ -75.147184304466933, 50.786873446325643 ], [ -75.136217912671654, 50.791580945998192 ], [ -75.131695688637905, 50.792899280183882 ], [ -75.121710964099307, 50.794375947003964 ], [ -75.113991796648364, 50.794059835708318 ], [ -75.109167906605791, 50.794217335881243 ], [ -75.104178181866601, 50.796290391591604 ], [ -75.10230846055741, 50.797748724331399 ], [ -75.098495958050677, 50.799856503462635 ], [ -75.089410958087498, 50.805601225678927 ], [ -75.076524844209274, 50.814486225815223 ], [ -75.071421509608115, 50.8188417802941 ], [ -75.065339563454145, 50.824609837020873 ], [ -75.058658730046147, 50.829784280891502 ], [ -75.053736506866542, 50.834058169970497 ], [ -75.046359559911338, 50.841444281468839 ], [ -75.03838317135353, 50.848416781331693 ], [ -75.031340946496286, 50.853553725174251 ], [ -75.026527334284722, 50.857637615267414 ], [ -75.015788443010265, 50.863979282467696 ], [ -75.011909831283475, 50.866605671370309 ], [ -75.003568996466797, 50.873872337678542 ], [ -74.998878718237364, 50.87750539353749 ], [ -74.992168994026017, 50.881668727099054 ], [ -74.983638436663298, 50.885948448996331 ], [ -74.97445260232324, 50.889543726718735 ], [ -74.972163434705507, 50.890145670983394 ], [ -74.97015871159536, 50.890109282786945 ], [ -74.967957044420373, 50.887195116384589 ], [ -74.966409822179358, 50.883561504633917 ], [ -74.966225932827285, 50.882365672376054 ], [ -74.966271766369189, 50.878031227204353 ], [ -74.966614266073904, 50.876007893605554 ], [ -74.967141211169235, 50.874542060313836 ], [ -74.970059266823384, 50.867960393640672 ], [ -74.974029823966376, 50.857664560219405 ], [ -74.977883434739553, 50.850695949034176 ], [ -74.983383713523878, 50.842720393420372 ], [ -74.986495380917475, 50.838566226146447 ], [ -74.993455659123754, 50.830059560270172 ], [ -74.998362759177624, 50.824724971107834 ], [ -75.010901807841122, 50.825343575344661 ], [ -75.026520917331922, 50.820380502865731 ], [ -75.031686458690814, 50.821107199618901 ], [ -75.032295374242352, 50.81932312310829 ], [ -75.032836468829075, 50.818686969397447 ], [ -75.033959179027832, 50.817873933475965 ], [ -75.03550421867962, 50.817264479834144 ], [ -75.037035410664529, 50.815328829510769 ], [ -75.038064314252736, 50.814540734269713 ], [ -75.042148418459973, 50.812754125739701 ], [ -75.042688888429012, 50.812083759007763 ], [ -75.044400354896823, 50.810798513034186 ], [ -75.049313633026571, 50.808810857118509 ], [ -75.052997135660519, 50.808238557521456 ], [ -75.054794246615998, 50.808389145506816 ], [ -75.056812257337782, 50.807864454977206 ], [ -75.057708218282585, 50.806436942635543 ], [ -75.058662285164132, 50.805508308908749 ], [ -75.060577324604495, 50.804528961460377 ], [ -75.060667233045606, 50.802829860534686 ], [ -75.061819764865518, 50.800690613029872 ], [ -75.062378851423574, 50.800012429839178 ], [ -75.06338436293575, 50.799432664262916 ], [ -75.065306303874422, 50.796863240237137 ], [ -75.068190357508584, 50.794470845994248 ], [ -75.070980444451934, 50.793192889983125 ], [ -75.071386202988194, 50.79145176971803 ], [ -75.073113313982304, 50.789154397786781 ], [ -75.073803009769804, 50.788587428373631 ], [ -75.074116216445873, 50.787403949404421 ], [ -75.075463254913885, 50.786409889109706 ], [ -75.076347897587183, 50.784931299877726 ], [ -75.077773971399481, 50.783383703130568 ], [ -75.08079048905617, 50.78183306030008 ], [ -75.082776465388434, 50.781562535030865 ], [ -75.083166096264364, 50.780478248448148 ], [ -75.084280523078419, 50.779548387727274 ], [ -75.086253897889222, 50.777287933476316 ], [ -75.087940115267628, 50.775939969818893 ], [ -75.090859564928422, 50.774513569076653 ], [ -75.092341842739273, 50.773231616364455 ], [ -75.096424379488056, 50.76843464376099 ], [ -75.09751704792555, 50.767884498431741 ], [ -75.098872422250054, 50.767683659111853 ], [ -75.100595900045818, 50.765227744752373 ], [ -75.101399563221193, 50.764514551076097 ], [ -75.102254997037676, 50.762449716074507 ], [ -75.100821843056224, 50.761713287172121 ], [ -75.099999061847186, 50.76078844925869 ], [ -75.099736836621176, 50.760069019293283 ], [ -75.100188433363925, 50.758905311223856 ], [ -75.101353042764501, 50.757576169942467 ], [ -75.103284687352371, 50.756511979093837 ], [ -75.101941985654832, 50.755156943136726 ], [ -75.101013961299415, 50.753508470208665 ], [ -75.101205490944395, 50.752598750941296 ], [ -75.102175399860442, 50.751440599666815 ], [ -75.103705547818592, 50.750669471912417 ], [ -75.10520994932034, 50.750530880800831 ], [ -75.107147126448496, 50.750973655101546 ], [ -75.108465499262678, 50.751679673927889 ], [ -75.110595204795672, 50.750045875383506 ], [ -75.113033216592129, 50.749377081843242 ], [ -75.113611266780609, 50.748785970523969 ], [ -75.11456508675154, 50.7483607582598 ], [ -75.118415673926648, 50.74821367643915 ], [ -75.121891756884807, 50.746961913177593 ], [ -75.125608623305908, 50.747314514815628 ], [ -75.13026234006243, 50.74311582591055 ], [ -75.12977378606584, 50.742557073327717 ], [ -75.129560211547044, 50.741842159365333 ], [ -75.129639240303575, 50.741051751767188 ], [ -75.130052845548533, 50.740354863730296 ], [ -75.133799991190898, 50.737057450392086 ], [ -75.135773153048063, 50.736119629904849 ], [ -75.13762554396105, 50.734606197710868 ], [ -75.139972374811492, 50.733110327352591 ], [ -75.139312451321629, 50.731940518618188 ], [ -75.139090550224893, 50.730146438498117 ], [ -75.13818941502042, 50.729365401700868 ], [ -75.137856189473112, 50.728417672552027 ], [ -75.138033725969521, 50.727595304112384 ], [ -75.138661486226965, 50.726667155755813 ], [ -75.138439060468571, 50.726092020405275 ], [ -75.138535622180498, 50.725400175138297 ], [ -75.139711103981512, 50.72435309403604 ], [ -75.14124804098401, 50.724025834849428 ], [ -75.14313983507563, 50.72433826990283 ], [ -75.145072649682433, 50.723419735118028 ], [ -75.145790357504339, 50.722610146481294 ], [ -75.146661898099865, 50.722140692718838 ], [ -75.148323102094395, 50.72185545963395 ], [ -75.149774590966516, 50.722033464335468 ], [ -75.150927729328046, 50.722663562066941 ], [ -75.151516394308786, 50.723616358932766 ], [ -75.151056754360297, 50.725396510089922 ], [ -75.150117062023924, 50.726371046776976 ], [ -75.151355837213544, 50.726914775957283 ], [ -75.152061202135627, 50.727572782343046 ], [ -75.154102150260954, 50.727990648194826 ], [ -75.155064848525072, 50.728883802176995 ], [ -75.155157483150546, 50.729764951138016 ], [ -75.15436957978946, 50.730829076013727 ], [ -75.154267727486086, 50.731964839566345 ], [ -75.15376480896299, 50.73313920740646 ], [ -75.152019155808816, 50.735235850661063 ], [ -75.150024550727849, 50.736550739617151 ], [ -75.148969844685922, 50.736902948825659 ], [ -75.148652251306402, 50.73843478705782 ], [ -75.147308283797074, 50.740180117247576 ], [ -75.146519977774815, 50.74171249402464 ], [ -75.145377474864276, 50.743054552372541 ], [ -75.147562992155855, 50.743351256273087 ], [ -75.148908067744287, 50.743884427190714 ], [ -75.149598463273023, 50.744608842358446 ], [ -75.150589219648253, 50.746621574589177 ], [ -75.153123284957175, 50.745564651288213 ], [ -75.158056865603768, 50.74440973670891 ], [ -75.157050885025868, 50.743721954670278 ], [ -75.156261668473277, 50.742677173241084 ], [ -75.156092451467117, 50.742094833381351 ], [ -75.156227713124053, 50.741516088604818 ], [ -75.15684372845115, 50.740379493069412 ], [ -75.157686705694772, 50.739581358824864 ], [ -75.159656270527805, 50.738300861305348 ], [ -75.161046403538663, 50.737812409927983 ], [ -75.161100891363247, 50.736911279297082 ], [ -75.159492271479962, 50.735936102630475 ], [ -75.158827905387398, 50.734308591711233 ], [ -75.158770031370508, 50.733186606518309 ], [ -75.159306791564291, 50.732238871914966 ], [ -75.163570587412551, 50.729943183290622 ], [ -75.164973048842398, 50.729648640756849 ], [ -75.167137245341934, 50.729654842573972 ], [ -75.168744834614472, 50.728531336920668 ], [ -75.170687422336869, 50.728165865099136 ], [ -75.173366513328901, 50.728720807445427 ], [ -75.174871455029233, 50.729825243478928 ], [ -75.175280163226972, 50.730669559039761 ], [ -75.175149651153475, 50.734292351265822 ], [ -75.174458112126004, 50.739286377136246 ], [ -75.173677483745962, 50.740549874872791 ], [ -75.17239245805014, 50.741878155763871 ], [ -75.174425806180565, 50.740998342861026 ], [ -75.176699176117694, 50.741020073135246 ], [ -75.179668613051646, 50.742039712275208 ], [ -75.1817423646132, 50.744157516378209 ], [ -75.182355852578837, 50.744433804558064 ], [ -75.186353500767964, 50.743803980492785 ], [ -75.192103161169641, 50.745429938108984 ], [ -75.193878695611843, 50.744307687769627 ], [ -75.195811739728143, 50.744079607817937 ], [ -75.197599792872495, 50.744302385492482 ], [ -75.199521730477201, 50.744984654344037 ], [ -75.203392790105696, 50.74521931468577 ], [ -75.204720193347541, 50.745810103482881 ], [ -75.205889309446206, 50.746717456015702 ], [ -75.207695859938283, 50.745889831142485 ], [ -75.207709654692252, 50.745141506488778 ], [ -75.208095115258615, 50.744286579429932 ], [ -75.20928870223031, 50.743162726642772 ], [ -75.211639376266021, 50.742258908311108 ], [ -75.214783894550479, 50.742052463090758 ], [ -75.21742067620869, 50.742746935673942 ], [ -75.218503029110366, 50.743642315118358 ], [ -75.21898017702695, 50.744473233125348 ], [ -75.223825443336978, 50.747500017016876 ], [ -75.224485060028428, 50.748209525274738 ], [ -75.225582083492696, 50.748209027990185 ], [ -75.22538147131489, 50.746593275049413 ], [ -75.225814880431273, 50.74544210704596 ], [ -75.226439260416598, 50.744710992025688 ], [ -75.228074274493906, 50.743728057571332 ], [ -75.229995429855535, 50.743112668896146 ], [ -75.231147838233881, 50.742997730628836 ], [ -75.234945701842932, 50.744123342143496 ], [ -75.237290933017334, 50.742301010732398 ], [ -75.239177079524183, 50.741924990100713 ], [ -75.240530612714664, 50.741940134347047 ], [ -75.241440971729503, 50.74103031297247 ], [ -75.243188090575572, 50.740456235317637 ], [ -75.247211699204186, 50.738249635689556 ], [ -75.248075387903242, 50.737271230651828 ], [ -75.250790385094405, 50.736221143030036 ], [ -75.250552407990313, 50.73447407974156 ], [ -75.25112923204901, 50.733149361756993 ], [ -75.25202242273383, 50.732437004500113 ], [ -75.254567972352561, 50.73159339891167 ], [ -75.255918915725942, 50.731644095275897 ], [ -75.257350408750668, 50.732098555689369 ], [ -75.268983981592342, 50.726555037826728 ], [ -75.26878922918317, 50.725913538264784 ], [ -75.268998708277763, 50.725187235131713 ], [ -75.270920952397645, 50.723453977203079 ], [ -75.275432668528069, 50.721409184962425 ], [ -75.276853350021071, 50.721256797788833 ], [ -75.278983484887604, 50.721566536544763 ], [ -75.279414599192052, 50.721403950095791 ], [ -75.279764193564191, 50.720477117561558 ], [ -75.278532226350706, 50.718543945426759 ], [ -75.278073221221049, 50.717148472321227 ], [ -75.278056936269024, 50.716353737576519 ], [ -75.278469665946403, 50.715663245152115 ], [ -75.280357134938043, 50.714375459585469 ], [ -75.282046403718724, 50.713589916466084 ], [ -75.283919203063661, 50.713040096555332 ], [ -75.285639855214612, 50.712916995752828 ], [ -75.287339783097366, 50.712332268707542 ], [ -75.288763580761994, 50.712168707980638 ], [ -75.290072846604389, 50.71074055410196 ], [ -75.292201432830126, 50.710002957665999 ], [ -75.293182326411994, 50.709217080710687 ], [ -75.294056729664419, 50.707952661143551 ], [ -75.293332469177841, 50.707036552881341 ], [ -75.293437617452426, 50.705932784618241 ], [ -75.294205496447219, 50.70521985640876 ], [ -75.29539237185918, 50.704785164000747 ], [ -75.29712111592292, 50.704760409400606 ], [ -75.299957764641178, 50.7054479557425 ], [ -75.300889208097942, 50.706104998092187 ], [ -75.3016794254427, 50.707382238416869 ], [ -75.301832291413461, 50.708889719755433 ], [ -75.30154980967103, 50.709996866257441 ], [ -75.300614684897326, 50.711437353843252 ], [ -75.300995653119955, 50.712710222346658 ], [ -75.300207494550165, 50.71441855495889 ], [ -75.30078514285357, 50.715433910649942 ], [ -75.302256648376442, 50.716333295801988 ], [ -75.304347505783412, 50.71644877809225 ], [ -75.306293149481846, 50.71710787543131 ], [ -75.313073089342552, 50.71843269399703 ], [ -75.314039662215308, 50.719207426511176 ], [ -75.314540240124302, 50.720283883296915 ], [ -75.314278901605192, 50.721306025959016 ], [ -75.313224298216113, 50.722147094015838 ], [ -75.31371654293288, 50.722638496918428 ], [ -75.314814311223017, 50.723044567440787 ], [ -75.315503918516185, 50.723581712285792 ], [ -75.316007527267374, 50.724395916303067 ], [ -75.316032658633347, 50.725021729537715 ], [ -75.318784942760914, 50.724834401403079 ], [ -75.320361104923478, 50.725067869957577 ], [ -75.321974991609551, 50.725951297652188 ], [ -75.3230347214771, 50.727414174339273 ], [ -75.325661512832653, 50.726472520627084 ], [ -75.328741591252808, 50.725787425753047 ], [ -75.330533724257421, 50.725031210854254 ], [ -75.330932195734746, 50.724070632441766 ], [ -75.331661553007748, 50.723494566545384 ], [ -75.334716793278417, 50.722764106873107 ], [ -75.335777054460735, 50.722157990084078 ], [ -75.336209275623986, 50.721493416873322 ], [ -75.338336925155915, 50.719502316909534 ], [ -75.339492177630689, 50.71872381777996 ], [ -75.340361597204023, 50.717412633508744 ], [ -75.3423613300656, 50.716657900162261 ], [ -75.348234101341347, 50.716218647443888 ], [ -75.350983488722278, 50.715674514260165 ], [ -75.352466308417277, 50.715748520964596 ], [ -75.353729310105408, 50.716204837672493 ], [ -75.354712997208566, 50.716982830120877 ], [ -75.357797504109655, 50.718027949914074 ], [ -75.359103293290886, 50.718990224578626 ], [ -75.359835015759373, 50.719956889830577 ], [ -75.360973942457193, 50.72066795884983 ], [ -75.363777844921941, 50.720776296327394 ], [ -75.364514966696774, 50.720636553063429 ], [ -75.365283392505177, 50.71966174273939 ], [ -75.363738648729836, 50.718516505689799 ], [ -75.36355708477943, 50.717935736409316 ], [ -75.363762003307045, 50.717208957582471 ], [ -75.36468720261341, 50.716435232519657 ], [ -75.366183317509325, 50.716039824256121 ], [ -75.366722206970209, 50.715143946308281 ], [ -75.368004535346273, 50.714493955501972 ], [ -75.370112699547036, 50.714323201939173 ], [ -75.374586639860652, 50.715749229191644 ], [ -75.376872575195932, 50.715635647633448 ], [ -75.378681523926033, 50.716222193800334 ], [ -75.380176293330635, 50.715641751958607 ], [ -75.382126755684311, 50.715488153392066 ], [ -75.383168769770677, 50.714186630303075 ], [ -75.384933953829176, 50.713082102169551 ], [ -75.386668362273596, 50.711512892945507 ], [ -75.387264221543901, 50.710388586681866 ], [ -75.389014582332024, 50.709165870692765 ], [ -75.379330756634261, 50.701233818911341 ], [ -75.360253846394698, 50.693786607681339 ], [ -75.337147167511688, 50.691171137133061 ], [ -75.328586297968442, 50.688323758337461 ], [ -75.334251970159428, 50.68163698101872 ], [ -75.34317983144831, 50.67590479117068 ], [ -75.34830690554071, 50.672021479451686 ], [ -75.355877385986176, 50.667651734697266 ], [ -75.361354179052086, 50.663762261333396 ], [ -75.366874389911274, 50.660990096964731 ], [ -75.373519968374268, 50.659988806474878 ], [ -75.381643220293313, 50.660752512012834 ], [ -75.388693862819736, 50.661085736682203 ], [ -75.399197929932711, 50.668519233425442 ], [ -75.403715651480951, 50.667103578863504 ], [ -75.409594424319181, 50.66454717513389 ], [ -75.41551803293504, 50.663108007512534 ], [ -75.416645786734179, 50.66487869990646 ], [ -75.418828644724726, 50.666632009087948 ], [ -75.423697237371712, 50.665209795837796 ], [ -75.426158863153333, 50.665169125616366 ], [ -75.433109424879959, 50.663041112515451 ], [ -75.437726782796545, 50.664082686063495 ], [ -75.446999082264341, 50.667059281767848 ], [ -75.448655632075841, 50.664571375237692 ], [ -75.456308319838868, 50.662430225580266 ], [ -75.461925126367348, 50.662112119017614 ], [ -75.46354609953292, 50.667228900649732 ], [ -75.46819255245677, 50.668939749631818 ], [ -75.470931099911553, 50.667104206271645 ], [ -75.474504012512455, 50.668385647885856 ], [ -75.476679774736084, 50.669914348898807 ], [ -75.478827478267789, 50.670772517339088 ], [ -75.480130785433872, 50.668290154886698 ], [ -75.478724094954501, 50.668314053326647 ], [ -75.480350782993241, 50.665155225485925 ], [ -75.480931788587171, 50.662237812674334 ], [ -75.483393174041495, 50.662195935652584 ], [ -75.487669310019726, 50.663464999471628 ], [ -75.494958880937617, 50.661103836063653 ], [ -75.497125468001244, 50.662408658308536 ], [ -75.501012337035249, 50.662789279016586 ], [ -75.501981660993906, 50.66075971167561 ], [ -75.499444429049561, 50.659014025641817 ], [ -75.505735098291112, 50.658011263497002 ], [ -75.506829372499467, 50.657061826018257 ], [ -75.500003304119502, 50.624999011555417 ], [ -75.500004780797568, 50.611806041483412 ], [ -75.481673946819953, 50.600785695153263 ], [ -75.475001575679997, 50.598391006481599 ], [ -75.46171214864394, 50.603256773839632 ], [ -75.458953063030293, 50.604030558208237 ], [ -75.455132535475528, 50.604797838303469 ], [ -75.452387936060646, 50.604678926327068 ], [ -75.446853355867646, 50.602754660898434 ], [ -75.439994917852431, 50.598918163231993 ], [ -75.437632308093114, 50.597877739303989 ], [ -75.431412974375974, 50.595997052376738 ], [ -75.421889813250061, 50.593564994663133 ], [ -75.418872734846843, 50.592672521481148 ], [ -75.416668243240551, 50.591677044751371 ], [ -75.414252281613358, 50.590152864034842 ], [ -75.411246036080456, 50.587101997941275 ], [ -75.409935189026669, 50.584054553194107 ], [ -75.409739986418174, 50.582771934253003 ], [ -75.410075241939708, 50.579407088772896 ], [ -75.409815189463814, 50.577697331298523 ], [ -75.408334910632078, 50.575010383804631 ], [ -75.402932197949426, 50.567082690088768 ], [ -75.40120076049314, 50.565227417215155 ], [ -75.398699348559504, 50.563073339769261 ], [ -75.396927555460067, 50.562143787252701 ], [ -75.395242600336857, 50.561785900700848 ], [ -75.392712171937163, 50.561826256684732 ], [ -75.389892077859798, 50.562346004536842 ], [ -75.383334911113693, 50.564262903176441 ], [ -75.377817288315697, 50.565165460879335 ], [ -75.367405314414754, 50.566107261005826 ], [ -75.359059506812031, 50.566034412271371 ], [ -75.353499476200298, 50.566247539800997 ], [ -75.343482676610435, 50.567368788750237 ], [ -75.339901456055088, 50.567460322759494 ], [ -75.332418960318819, 50.568171364849093 ], [ -75.325605718730856, 50.569349925813107 ], [ -75.325001567026348, 50.569764240454184 ], [ -75.325001559969905, 50.57084372004698 ], [ -75.326051560589008, 50.573647610377286 ], [ -75.32723459840372, 50.575868131440167 ], [ -75.32337689228595, 50.577117708285044 ], [ -75.31831095833607, 50.577920666575942 ], [ -75.315886164589955, 50.57791602114434 ], [ -75.313612666000168, 50.577554278037631 ], [ -75.310051398143699, 50.575662009150491 ], [ -75.308334892682353, 50.575010389368558 ], [ -75.300001557401458, 50.57501038835796 ], [ -75.281590427623811, 50.577088551268389 ], [ -75.263360274935067, 50.57984668423682 ], [ -75.248433424995852, 50.581505735926733 ], [ -75.24604981494744, 50.581511245616817 ], [ -75.240791989985667, 50.581137566897723 ], [ -75.237447558923265, 50.580510609157464 ], [ -75.23515715130344, 50.579682203273933 ], [ -75.2315696710412, 50.577413524822042 ], [ -75.228205393584034, 50.576649499373389 ], [ -75.222109202844152, 50.576463343569358 ], [ -75.217812606568799, 50.576721025518403 ], [ -75.214006262359533, 50.577363200315588 ], [ -75.208694373871296, 50.578880813921558 ], [ -75.20701760324971, 50.579137155453452 ], [ -75.203855116016669, 50.580806619520757 ], [ -75.196884332805013, 50.587246837121931 ], [ -75.19441708435501, 50.589915667463288 ], [ -75.192553085480085, 50.592198200848983 ], [ -75.18725602086468, 50.601059152214674 ], [ -75.182223196210515, 50.607242610645159 ], [ -75.179754223371958, 50.609911052368481 ], [ -75.176371078582704, 50.612353776974913 ], [ -75.172651953554336, 50.614010933002085 ], [ -75.169875929175035, 50.614596308938388 ], [ -75.1682288333337, 50.614624216826115 ], [ -75.165398738973252, 50.614092079715626 ], [ -75.163182693086171, 50.613243241438838 ], [ -75.161631645407454, 50.612424897748092 ], [ -75.16023777849675, 50.611176978665725 ], [ -75.159178744231852, 50.609209000179597 ], [ -75.159104430159715, 50.607952532102345 ], [ -75.159453598687932, 50.605830682959805 ], [ -75.16002902083622, 50.604500945870122 ], [ -75.160807099436113, 50.603053978571467 ], [ -75.162922077118182, 50.60096733483725 ], [ -75.164702357749178, 50.599600667706959 ], [ -75.174355415497018, 50.592653166288002 ], [ -75.18217985758298, 50.588064001369673 ], [ -75.182960970804004, 50.587375389760751 ], [ -75.183334860757427, 50.586637056114611 ], [ -75.183334854720599, 50.585996950529108 ], [ -75.182588293252124, 50.585271091185597 ], [ -75.181402780318834, 50.584685282064513 ], [ -75.179270750563873, 50.583852782615921 ], [ -75.175001525337763, 50.583343723026609 ], [ -75.151110874962541, 50.583343751186149 ], [ -75.151464295489035, 50.583257611505239 ], [ -75.11061879846244, 50.593138591463351 ], [ -75.109991388724879, 50.593060075141189 ], [ -75.10953277723614, 50.593450792977208 ], [ -75.078862769032028, 50.601789034835299 ], [ -75.071659583313348, 50.580612329568467 ], [ -75.072755643903449, 50.575138931743183 ], [ -75.067596704633218, 50.568830321511285 ], [ -75.06425575460338, 50.565299882925338 ], [ -75.063982874952316, 50.560504559687466 ], [ -75.078237238067459, 50.565847319624581 ], [ -74.977698952666955, 50.528053491301264 ] ], [ [ -75.083633421977623, 50.570442203680123 ], [ -75.084041860705597, 50.571277990088454 ], [ -75.083460197761127, 50.570020247664601 ], [ -75.083633421977623, 50.570442203680123 ] ], [ [ -75.084205627583685, 50.571598057771034 ], [ -75.084246192580963, 50.572300343711838 ], [ -75.084061841386131, 50.571317333504012 ], [ -75.084205627583685, 50.571598057771034 ] ], [ [ -75.083877563182313, 50.573349003800352 ], [ -75.083481712365071, 50.574164858396834 ], [ -75.083944725753099, 50.573229172093797 ], [ -75.083877563182313, 50.573349003800352 ] ], [ [ -75.082969664433662, 50.575729374633937 ], [ -75.082891966586928, 50.576772707177206 ], [ -75.083271286797967, 50.574690446592768 ], [ -75.082969664433662, 50.575729374633937 ] ], [ [ -75.083206175734333, 50.578685765151853 ], [ -75.083402424428044, 50.579149402086458 ], [ -75.083100032170464, 50.578293846115798 ], [ -75.083206175734333, 50.578685765151853 ] ], [ [ -75.08443450898784, 50.581111911619715 ], [ -75.085048661952271, 50.581880269438642 ], [ -75.083743242101477, 50.579888165313477 ], [ -75.08443450898784, 50.581111911619715 ] ], [ [ -75.087005614082059, 50.583595280190103 ], [ -75.087202526736107, 50.583729314490121 ], [ -75.086715079219445, 50.583378098887451 ], [ -75.087005614082059, 50.583595280190103 ] ], [ [ -75.08791106362294, 50.584214665497896 ], [ -75.088836669574263, 50.584793095014824 ], [ -75.088913291380948, 50.584833352094364 ], [ -75.08791106362294, 50.584214665497896 ] ], [ [ -75.093864440757315, 50.586643222620438 ], [ -75.095088564432089, 50.587481343002878 ], [ -75.093396982391113, 50.586530444530744 ], [ -75.093864440757315, 50.586643222620438 ] ], [ [ -75.096282958440156, 50.588256840246281 ], [ -75.096430347134387, 50.588330532503001 ], [ -75.095687634145904, 50.587888821667406 ], [ -75.096282958440156, 50.588256840246281 ] ], [ [ -75.522360954172598, 50.562049090834115 ], [ -75.518811521871811, 50.563779877494682 ], [ -75.519676208279634, 50.563461308478757 ], [ -75.520637510957556, 50.563034061045258 ], [ -75.521537780595779, 50.562561038781737 ], [ -75.522361755384523, 50.562049869738196 ], [ -75.531501768959927, 50.555892948731071 ], [ -75.531761169528991, 50.555713657543137 ], [ -75.531814331997751, 50.555672575017098 ], [ -75.522360954172598, 50.562049090834115 ] ], [ [ -75.565188975080076, 50.560659335283468 ], [ -75.567962646209594, 50.561050419264362 ], [ -75.568222045406813, 50.561386112565984 ], [ -75.567433623479232, 50.562110013988956 ], [ -75.567614753709634, 50.561992372722798 ], [ -75.568223862638519, 50.561384361281249 ], [ -75.567966390761256, 50.561050826628247 ], [ -75.565188975080076, 50.560659335283468 ] ], [ [ -75.517715453701186, 50.564125064995018 ], [ -75.518661502484079, 50.563835153634244 ], [ -75.509023190080924, 50.566527150076261 ], [ -75.517715453701186, 50.564125064995018 ] ], [ [ -75.566841738541768, 50.562234417064879 ], [ -75.567273501026648, 50.562214011102363 ], [ -75.566841124652427, 50.562232975615004 ], [ -75.566329955030596, 50.562232975720711 ], [ -75.565996322552337, 50.562242646768098 ], [ -75.566841738541768, 50.562234417064879 ] ], [ [ -75.555694580014645, 50.569240573965907 ], [ -75.55579992478431, 50.569788673480694 ], [ -75.555705572339278, 50.568720017400111 ], [ -75.555694580014645, 50.569240573965907 ] ], [ [ -75.556312561250849, 50.570941929026397 ], [ -75.555770835817142, 50.571640077277948 ], [ -75.556314815198277, 50.570942441647141 ], [ -75.556184102586769, 50.57068822530119 ], [ -75.556312561250849, 50.570941929026397 ] ], [ [ -75.555267334374463, 50.572574619307588 ], [ -75.555134523835292, 50.572880086873162 ], [ -75.555406686322243, 50.572330755069089 ], [ -75.555267334374463, 50.572574619307588 ] ], [ [ -75.554931639604519, 50.573467258367607 ], [ -75.554888406001197, 50.573766812903258 ], [ -75.554964350390904, 50.573355121684685 ], [ -75.554931639604519, 50.573467258367607 ] ], [ [ -75.55487060489736, 50.574211124497594 ], [ -75.554892723492259, 50.574389906631254 ], [ -75.554876036245787, 50.573945036905755 ], [ -75.55487060489736, 50.574211124497594 ] ], [ [ -75.483441337525079, 50.583343578017548 ], [ -75.483444214221322, 50.583343509623099 ], [ -75.486262216706379, 50.579277634425253 ], [ -75.483441337525079, 50.583343578017548 ] ], [ [ -75.555747985728985, 50.576274875729794 ], [ -75.556275632303254, 50.576781282394158 ], [ -75.555495937509008, 50.5759195579882 ], [ -75.555747985728985, 50.576274875729794 ] ], [ [ -75.557023594083546, 50.577465551798603 ], [ -75.560089110996174, 50.579048160081932 ], [ -75.559909557044747, 50.579314501285253 ], [ -75.560092821374425, 50.57904934005542 ], [ -75.557023594083546, 50.577465551798603 ] ], [ [ -75.558700562380338, 50.580860142149049 ], [ -75.558498353000047, 50.581150409024062 ], [ -75.558800393824924, 50.580748487626536 ], [ -75.558700562380338, 50.580860142149049 ] ], [ [ -75.558120726958379, 50.581909183797471 ], [ -75.558061267275718, 50.582128735531427 ], [ -75.558157307259918, 50.581823222848541 ], [ -75.558120726958379, 50.581909183797471 ] ], [ [ -75.557960509134858, 50.583015445951872 ], [ -75.557996385935567, 50.583305434488651 ], [ -75.55796722001179, 50.582690200664103 ], [ -75.557960509134858, 50.583015445951872 ] ], [ [ -75.558288573378221, 50.584224704797457 ], [ -75.558384604453224, 50.584415355815295 ], [ -75.558149414119086, 50.583810986921549 ], [ -75.558288573378221, 50.584224704797457 ] ], [ [ -75.558575283595857, 50.584797722357777 ], [ -75.558609980733991, 50.584845967935628 ], [ -75.558546795337776, 50.584740391270095 ], [ -75.558575283595857, 50.584797722357777 ] ], [ [ -75.558792114476148, 50.585544589534543 ], [ -75.558795565602381, 50.586578260905732 ], [ -75.558837556591683, 50.585331016789567 ], [ -75.558792114476148, 50.585544589534543 ] ], [ [ -75.558883665916468, 50.587062840028985 ], [ -75.5588503999859, 50.587094028402916 ], [ -75.55883777132442, 50.586840236070543 ], [ -75.558883665916468, 50.587062840028985 ] ], [ [ -75.558395385070071, 50.587493899977019 ], [ -75.557893839140334, 50.588067417152914 ], [ -75.558452243183496, 50.587445573406889 ], [ -75.558395385070071, 50.587493899977019 ] ], [ [ -75.556930541716184, 50.589580539796437 ], [ -75.556860865182514, 50.589744286935684 ], [ -75.556933842403495, 50.589580383735857 ], [ -75.557138865393256, 50.589232442750188 ], [ -75.557194392865327, 50.589116531401416 ], [ -75.556930541716184, 50.589580539796437 ] ], [ [ -75.556663513486072, 50.590301517711737 ], [ -75.556652250143557, 50.590369800537808 ], [ -75.556681443937194, 50.590244736569453 ], [ -75.556663513486072, 50.590301517711737 ] ], [ [ -75.556694031096242, 50.591781620835825 ], [ -75.556983864598109, 50.592393218445181 ], [ -75.556633172677337, 50.591489501939257 ], [ -75.556694031096242, 50.591781620835825 ] ], [ [ -75.557228088105617, 50.592861179786716 ], [ -75.557269576494505, 50.592918623065565 ], [ -75.557188092164381, 50.592799365113478 ], [ -75.557228088105617, 50.592861179786716 ] ], [ [ -75.557899475869192, 50.593708042848725 ], [ -75.557943016120106, 50.593760049687212 ], [ -75.557867825364511, 50.593661622071828 ], [ -75.557899475869192, 50.593708042848725 ] ], [ [ -75.5606307983265, 50.595947270257454 ], [ -75.561146492825245, 50.596346049549595 ], [ -75.560506978154152, 50.595858653632547 ], [ -75.5606307983265, 50.595947270257454 ] ], [ [ -75.561363220884985, 50.596549992158373 ], [ -75.561778907012027, 50.596924495060016 ], [ -75.561357223282599, 50.596543993722918 ], [ -75.561363220884985, 50.596549992158373 ] ], [ [ -75.562133789384916, 50.597263340332546 ], [ -75.562467362935166, 50.597530893673586 ], [ -75.562014042071752, 50.597147870765994 ], [ -75.562133789384916, 50.597263340332546 ] ], [ [ -75.564203321881394, 50.598778545081728 ], [ -75.56431711411021, 50.598988812846329 ], [ -75.563137763992614, 50.598059383143962 ], [ -75.564203321881394, 50.598778545081728 ] ], [ [ -75.564613342955482, 50.600315097852913 ], [ -75.564584061298191, 50.600396915595887 ], [ -75.564795551168544, 50.599956886926975 ], [ -75.564613342955482, 50.600315097852913 ] ], [ [ -75.564353942931049, 50.601345065830984 ], [ -75.564339371342825, 50.601591343694643 ], [ -75.56438770280414, 50.601078366522167 ], [ -75.564353942931049, 50.601345065830984 ] ], [ [ -75.564308165595662, 50.602340702480632 ], [ -75.564317986674624, 50.602399615998749 ], [ -75.564311707574106, 50.602177891237218 ], [ -75.564308165595662, 50.602340702480632 ] ], [ [ -75.564353943172577, 50.602710727513205 ], [ -75.564565073217537, 50.603375882082716 ], [ -75.564345953863466, 50.602629498826488 ], [ -75.564353943172577, 50.602710727513205 ] ], [ [ -75.564773559970902, 50.603790287354919 ], [ -75.564980334440563, 50.604090443154675 ], [ -75.564624450497064, 50.603504495249283 ], [ -75.564773559970902, 50.603790287354919 ] ], [ [ -75.565284729222569, 50.604461674133184 ], [ -75.565546247213106, 50.604825622906247 ], [ -75.565041883451045, 50.604171608568535 ], [ -75.565284729222569, 50.604461674133184 ] ], [ [ -75.566322326354737, 50.606285098758541 ], [ -75.566462267773844, 50.606628864063921 ], [ -75.566126447419848, 50.605756228570456 ], [ -75.566322326354737, 50.606285098758541 ] ], [ [ -75.566952828733434, 50.60769535747626 ], [ -75.567047119976735, 50.607891085995206 ], [ -75.567158084472396, 50.608078082972803 ], [ -75.566952828733434, 50.60769535747626 ] ], [ [ -75.565284728136547, 50.610507968855934 ], [ -75.564959130628765, 50.610500378025215 ], [ -75.565565731962224, 50.610641251077659 ], [ -75.565284728136547, 50.610507968855934 ] ], [ [ -75.564768079512845, 50.610639287020604 ], [ -75.564917451105146, 50.610522026069226 ], [ -75.56478222085066, 50.610693324303625 ], [ -75.564768079512845, 50.610639287020604 ] ], [ [ -75.566320690342636, 50.610751988026649 ], [ -75.56635754772455, 50.61076901582441 ], [ -75.566322325442016, 50.610752109988134 ], [ -75.566320690342636, 50.610751988026649 ] ], [ [ -75.566130249511289, 50.610809021383865 ], [ -75.565882116697495, 50.610828243558679 ], [ -75.566146356882101, 50.610804197248392 ], [ -75.566130249511289, 50.610809021383865 ] ], [ [ -75.566765165756351, 50.611060318191484 ], [ -75.566974602781826, 50.611124780186884 ], [ -75.566764775307448, 50.611059976384496 ], [ -75.566765165756351, 50.611060318191484 ] ], [ [ -75.566976188555685, 50.611125268943574 ], [ -75.567598209433072, 50.611156317526451 ], [ -75.566975448598413, 50.611125041004236 ], [ -75.566976188555685, 50.611125268943574 ] ], [ [ -75.567706643224767, 50.61117059735701 ], [ -75.568386201145699, 50.611325320285125 ], [ -75.569307845510806, 50.611973425232726 ], [ -75.568389892674929, 50.611324314660045 ], [ -75.567706643224767, 50.61117059735701 ] ], [ [ -75.571307687750121, 50.611210449988405 ], [ -75.572027657295848, 50.611673865013749 ], [ -75.572095353313912, 50.611624297094401 ], [ -75.571307687750121, 50.611210449988405 ] ], [ [ -75.565782046734654, 50.612194258383866 ], [ -75.565873399804076, 50.611929039751182 ], [ -75.56565157895264, 50.612437848981386 ], [ -75.565782046734654, 50.612194258383866 ] ], [ [ -75.571426391253638, 50.611923222558218 ], [ -75.570994669470053, 50.612023957959586 ], [ -75.5715697809662, 50.61188475356191 ], [ -75.571426391253638, 50.611923222558218 ] ], [ [ -75.570785522672907, 50.612098697846207 ], [ -75.570589018233022, 50.612244817207333 ], [ -75.570970976778568, 50.61202948630514 ], [ -75.570785522672907, 50.612098697846207 ] ], [ [ -75.56970977803141, 50.612369541870244 ], [ -75.569605882212912, 50.612256741080309 ], [ -75.569762977035069, 50.612395077404535 ], [ -75.56970977803141, 50.612369541870244 ] ], [ [ -75.565893704687198, 50.611765899818096 ], [ -75.565814120916585, 50.611314317546359 ], [ -75.565812223145997, 50.611314224862483 ], [ -75.565893704687198, 50.611765899818096 ] ], [ [ -75.564704895313056, 50.611755374928045 ], [ -75.564705045571955, 50.611755284536649 ], [ -75.564715777818193, 50.611730811725401 ], [ -75.564704895313056, 50.611755374928045 ] ], [ [ -75.565032958991466, 50.613544468466031 ], [ -75.565953384163805, 50.614175000597854 ], [ -75.565035103875815, 50.613545303441647 ], [ -75.565404486133289, 50.612858560395651 ], [ -75.565032958991466, 50.613544468466031 ] ], [ [ -75.566802979114755, 50.614826207332058 ], [ -75.566790296266021, 50.614946690141494 ], [ -75.566752686272864, 50.614750768655192 ], [ -75.566802979114755, 50.614826207332058 ] ], [ [ -75.566642761202559, 50.6158065837446 ], [ -75.566932185193892, 50.615867807972812 ], [ -75.566651009796999, 50.615670510160911 ], [ -75.566642761202559, 50.6158065837446 ] ], [ [ -75.56719207046207, 50.615989701308301 ], [ -75.567181582293586, 50.616042173131667 ], [ -75.567193091619927, 50.615990362507375 ], [ -75.56719207046207, 50.615989701308301 ] ], [ [ -75.566596984335987, 50.616661075611198 ], [ -75.566371339748017, 50.616845916359104 ], [ -75.566626361212499, 50.616636109257385 ], [ -75.566596984335987, 50.616661075611198 ] ], [ [ -75.566001892626829, 50.617382054264581 ], [ -75.566004858096747, 50.617382953899835 ], [ -75.565944620142105, 50.617298530822886 ], [ -75.566001892626829, 50.617382054264581 ] ], [ [ -75.56703186130882, 50.617590874938386 ], [ -75.56703186204787, 50.617601070640426 ], [ -75.566977261583261, 50.617531278221286 ], [ -75.56703186130882, 50.617590874938386 ] ], [ [ -75.56649017344813, 50.619148258225032 ], [ -75.566280043050014, 50.619519039910585 ], [ -75.566493091119966, 50.61914931816716 ], [ -75.566622052981856, 50.618998381093284 ], [ -75.566711484884863, 50.618848452025027 ], [ -75.56649017344813, 50.619148258225032 ] ], [ [ -75.56612396211402, 50.619766239654041 ], [ -75.566071474932855, 50.61982857084697 ], [ -75.566195632735216, 50.61966769733511 ], [ -75.56612396211402, 50.619766239654041 ] ], [ [ -75.56477772304018, 50.620090483174458 ], [ -75.564517425735971, 50.620318285021021 ], [ -75.564781188418934, 50.620090489395871 ], [ -75.56477772304018, 50.620090483174458 ] ], [ [ -75.565765380430861, 50.620079044642232 ], [ -75.565641436555794, 50.620191073422227 ], [ -75.56581404038792, 50.620044512025032 ], [ -75.565765380430861, 50.620079044642232 ] ], [ [ -75.565383028602341, 50.620380998249679 ], [ -75.565063476312872, 50.62059402843559 ], [ -75.564911417417335, 50.620658540369973 ], [ -75.565064032771232, 50.62059537177565 ], [ -75.565383028602341, 50.620380998249679 ] ], [ [ -75.562827958086913, 50.620801359365515 ], [ -75.563106950665045, 50.620706006032918 ], [ -75.56264292005865, 50.620907327608101 ], [ -75.562827958086913, 50.620801359365515 ] ], [ [ -75.564244915695866, 50.620597394633748 ], [ -75.564274929656008, 50.62063606870592 ], [ -75.564318002189793, 50.620508074268891 ], [ -75.564244915695866, 50.620597394633748 ] ], [ [ -75.563144968518571, 50.621289333847983 ], [ -75.563045002347252, 50.621332386179326 ], [ -75.563146291046451, 50.62128924507909 ], [ -75.563144968518571, 50.621289333847983 ] ], [ [ -75.563621520544203, 50.621311192243319 ], [ -75.563687662580648, 50.621353081750087 ], [ -75.563556597471589, 50.621300719586074 ], [ -75.563621520544203, 50.621311192243319 ] ], [ [ -75.562864618867167, 50.621376041639401 ], [ -75.562704705248976, 50.621375385076064 ], [ -75.562705993666455, 50.621376041306462 ], [ -75.562864618867167, 50.621376041639401 ] ], [ [ -75.565095451583787, 50.623384517299989 ], [ -75.564791007872287, 50.623046409083763 ], [ -75.564065942668819, 50.622492382038942 ], [ -75.563859925500452, 50.622212324219895 ], [ -75.56385788124328, 50.621591017674326 ], [ -75.563858031482482, 50.622211459749863 ], [ -75.564064025620752, 50.622493747563624 ], [ -75.565095451583787, 50.623384517299989 ] ], [ [ -75.565254211675608, 50.623699192239307 ], [ -75.565262366650373, 50.623856165993246 ], [ -75.565228905829557, 50.623608512599432 ], [ -75.565254211675608, 50.623699192239307 ] ], [ [ -75.565940856018543, 50.624710086707736 ], [ -75.566326277829177, 50.625091871520745 ], [ -75.565787639020598, 50.624607940566207 ], [ -75.565940856018543, 50.624710086707736 ] ], [ [ -75.566429997011895, 50.625371317271977 ], [ -75.566589356399007, 50.62557983852836 ], [ -75.566658020164638, 50.625633243618928 ], [ -75.566711304823514, 50.625648784599427 ], [ -75.566429997011895, 50.625371317271977 ] ], [ [ -75.566302002900898, 50.625890413321699 ], [ -75.564731022737305, 50.62576418481887 ], [ -75.565410949146994, 50.625955422504305 ], [ -75.56570792133445, 50.625958436306085 ], [ -75.566302002900898, 50.625890413321699 ] ], [ [ -75.56688399975333, 50.625804389207168 ], [ -75.567092895019655, 50.625961307728574 ], [ -75.567214966632108, 50.626041416128388 ], [ -75.567314149369082, 50.626098636585098 ], [ -75.567498094793365, 50.62614462039474 ], [ -75.56688399975333, 50.625804389207168 ] ], [ [ -75.568951729991326, 50.62575956684713 ], [ -75.569496147837427, 50.625934601132663 ], [ -75.569503783689981, 50.626186374668286 ], [ -75.569396972682, 50.626457218340697 ], [ -75.569396973315278, 50.626628132092101 ], [ -75.569505109832491, 50.626186427447095 ], [ -75.56949610696563, 50.625933448966698 ], [ -75.569174098270125, 50.625761389930283 ], [ -75.568951729991326, 50.62575956684713 ], [ -75.568935110609232, 50.625759430722958 ], [ -75.567898041188457, 50.626073426292635 ], [ -75.567879611773833, 50.626082243768572 ], [ -75.568951729991326, 50.62575956684713 ] ], [ [ -75.563109227372919, 50.627092382228255 ], [ -75.563646881876423, 50.626535408163605 ], [ -75.563791946952477, 50.626328353110338 ], [ -75.563812946355725, 50.626006417036237 ], [ -75.563663261866807, 50.625754048277024 ], [ -75.563789368519849, 50.62632751901149 ], [ -75.563156128049641, 50.626926425169913 ], [ -75.563109227372919, 50.627092382228255 ] ], [ [ -75.566487013698534, 50.626522375245322 ], [ -75.566800047778656, 50.626654372802477 ], [ -75.566490173586061, 50.626522068822986 ], [ -75.566411603571439, 50.626107936607987 ], [ -75.566487013698534, 50.626522375245322 ] ], [ [ -75.567695617579659, 50.626155856982969 ], [ -75.567611039935841, 50.626162420808164 ], [ -75.567537917655869, 50.62615357826472 ], [ -75.567611694875779, 50.626163486987096 ], [ -75.567695617579659, 50.626155856982969 ] ], [ [ -75.569209142570827, 50.626939402568667 ], [ -75.569206237871924, 50.626937869939901 ], [ -75.568641661871595, 50.62701416494594 ], [ -75.568154673880017, 50.627200631882125 ], [ -75.569209142570827, 50.626939402568667 ] ], [ [ -75.573168308192706, 50.626818456013389 ], [ -75.573166909209149, 50.626819435325054 ], [ -75.57327107663923, 50.626801050682829 ], [ -75.573168308192706, 50.626818456013389 ] ], [ [ -75.573745863992997, 50.626831188426593 ], [ -75.573898314841244, 50.626976017729177 ], [ -75.573905950248687, 50.627002733611235 ], [ -75.573899314635241, 50.626976388371062 ], [ -75.573745863992997, 50.626831188426593 ] ], [ [ -75.575540342343359, 50.626890411359255 ], [ -75.574768665039585, 50.626927660772431 ], [ -75.575538634963962, 50.626892093922443 ], [ -75.575759887318341, 50.627182011224164 ], [ -75.575996398688019, 50.627319339845165 ], [ -75.578282395491229, 50.627640492459363 ], [ -75.575998366293902, 50.627317483552375 ], [ -75.575540342343359, 50.626890411359255 ] ], [ [ -75.571273803575153, 50.627620701421613 ], [ -75.57079012608142, 50.627662438504878 ], [ -75.570518155113845, 50.627857461959174 ], [ -75.570331090835765, 50.628063384935224 ], [ -75.570793151543157, 50.627662663259045 ], [ -75.571273803575153, 50.627620701421613 ] ], [ [ -75.564972936252971, 50.628047450509968 ], [ -75.564361144414036, 50.627929265819397 ], [ -75.564971924466789, 50.628047947963765 ], [ -75.565368651880647, 50.628231053267001 ], [ -75.565832606512487, 50.628333730944092 ], [ -75.564972936252971, 50.628047450509968 ] ], [ [ -75.572624206821644, 50.627201084113338 ], [ -75.573052929039761, 50.626899164535423 ], [ -75.572157798459415, 50.627258297026998 ], [ -75.572624206821644, 50.627201084113338 ] ], [ [ -75.571930202775462, 50.627203421064664 ], [ -75.571792662707892, 50.627206659202699 ], [ -75.572086488316501, 50.627241429319255 ], [ -75.571930202775462, 50.627203421064664 ] ], [ [ -75.564049421997666, 50.627718777114985 ], [ -75.563921909255527, 50.627589393519656 ], [ -75.563333470033839, 50.627305239992459 ], [ -75.563919067587548, 50.627590183537372 ], [ -75.564049421997666, 50.627718777114985 ] ], [ [ -75.567381000479273, 50.627140385182955 ], [ -75.567424457431073, 50.627172772648159 ], [ -75.567302023069985, 50.626996834100204 ], [ -75.567381000479273, 50.627140385182955 ] ], [ [ -75.563056945344599, 50.627277378987024 ], [ -75.563056060564122, 50.627276589578926 ], [ -75.563055995607286, 50.627276815070012 ], [ -75.563056945344599, 50.627277378987024 ] ], [ [ -75.574338337091163, 50.626998422663746 ], [ -75.57396848454502, 50.62707474987517 ], [ -75.574475066060216, 50.626980111655094 ], [ -75.574338337091163, 50.626998422663746 ] ], [ [ -75.56939570949875, 50.62823544898864 ], [ -75.568837107463253, 50.628501418188996 ], [ -75.568661348752073, 50.628627016968125 ], [ -75.56939570949875, 50.62823544898864 ] ], [ [ -75.570094428655793, 50.628214202711284 ], [ -75.570059345896524, 50.628231316296649 ], [ -75.570060729998985, 50.628231052637105 ], [ -75.570094428655793, 50.628214202711284 ] ], [ [ -75.577069744346787, 50.627950483615358 ], [ -75.577110290408683, 50.628147129252127 ], [ -75.577232361083759, 50.62850952555177 ], [ -75.577359955156794, 50.628767483767376 ], [ -75.577069744346787, 50.627950483615358 ] ], [ [ -75.5677947997589, 50.629005436381064 ], [ -75.568004598457932, 50.628925588201405 ], [ -75.567456831973232, 50.629024934826802 ], [ -75.5677947997589, 50.629005436381064 ] ], [ [ -75.566202960011921, 50.628803383826366 ], [ -75.566088288653845, 50.628623308118044 ], [ -75.566429923721387, 50.628936136696602 ], [ -75.566202960011921, 50.628803383826366 ] ], [ [ -75.568649941780919, 50.628634955427501 ], [ -75.568626029203784, 50.628647299613924 ], [ -75.568649292156451, 50.628635410083923 ], [ -75.568649941780919, 50.628634955427501 ] ], [ [ -75.57762145907077, 50.629207615386044 ], [ -75.577743809147691, 50.629361427518063 ], [ -75.577488034971267, 50.62899317993373 ], [ -75.57762145907077, 50.629207615386044 ] ], [ [ -75.578186035987144, 50.629859928925534 ], [ -75.57836168559021, 50.630033536207655 ], [ -75.57800436848774, 50.629666615775797 ], [ -75.578186035987144, 50.629859928925534 ] ], [ [ -75.579223633738039, 50.630775456102917 ], [ -75.579340442619852, 50.630850084411499 ], [ -75.579075697673403, 50.630662239601683 ], [ -75.579223633738039, 50.630775456102917 ] ], [ [ -75.579994201594374, 50.631313327429005 ], [ -75.579953306081009, 50.631338157578263 ], [ -75.579940709179695, 50.631272354393452 ], [ -75.579994201594374, 50.631313327429005 ] ], [ [ -75.578147887391538, 50.632728580913891 ], [ -75.577968513243604, 50.632924263178545 ], [ -75.578288810028653, 50.632591184750346 ], [ -75.578147887391538, 50.632728580913891 ] ], [ [ -75.576698302789055, 50.634319308710992 ], [ -75.576499005422804, 50.634683271178623 ], [ -75.577183584072984, 50.63372204189271 ], [ -75.576698302789055, 50.634319308710992 ] ], [ [ -75.57621765171065, 50.635288242451175 ], [ -75.576203897661998, 50.635323843062011 ], [ -75.576282966373469, 50.635148010728372 ], [ -75.57621765171065, 50.635288242451175 ] ], [ [ -75.575912475289627, 50.637073521314584 ], [ -75.575955796160173, 50.637274655331829 ], [ -75.575896859536854, 50.636818458819391 ], [ -75.575912475289627, 50.637073521314584 ] ], [ [ -75.57611083932548, 50.637805942967944 ], [ -75.576367051533438, 50.638297826288813 ], [ -75.575976126460745, 50.637374409738271 ], [ -75.57611083932548, 50.637805942967944 ] ], [ [ -75.576652526517933, 50.638942722405744 ], [ -75.5770125304917, 50.639574279957095 ], [ -75.576542109564542, 50.638634205895208 ], [ -75.576652526517933, 50.638942722405744 ] ], [ [ -75.578201293478912, 50.640750888295415 ], [ -75.578424181806938, 50.640906910457304 ], [ -75.577326504983816, 50.639902348812996 ], [ -75.578201293478912, 50.640750888295415 ] ], [ [ -75.578575134333676, 50.641014103552877 ], [ -75.578604994457578, 50.641032993145629 ], [ -75.578573661065604, 50.641013092678591 ], [ -75.578575134333676, 50.641014103552877 ] ], [ [ -75.578987120771515, 50.641277317315449 ], [ -75.579297592784002, 50.641443075854468 ], [ -75.578956259433937, 50.641256096435541 ], [ -75.578987120771515, 50.641277317315449 ] ], [ [ -75.580604552723017, 50.642795565870948 ], [ -75.581644501334281, 50.642925266822274 ], [ -75.580604266922705, 50.642795067901304 ], [ -75.580604552723017, 50.642795565870948 ] ], [ [ -75.581648232034311, 50.642925582311875 ], [ -75.582069683713584, 50.642980487177383 ], [ -75.581660624183499, 50.642926402553037 ], [ -75.581648232034311, 50.642925582311875 ] ], [ [ -75.58293914709742, 50.64309692783921 ], [ -75.583986315857246, 50.643226247139381 ], [ -75.582071631363817, 50.64298074383079 ], [ -75.58293914709742, 50.64309692783921 ] ], [ [ -75.585655211846543, 50.643573765270283 ], [ -75.586735604661015, 50.643833392784749 ], [ -75.584498037801936, 50.643309165563707 ], [ -75.585655211846543, 50.643573765270283 ] ], [ [ -75.589942686720377, 50.643735770925367 ], [ -75.589789676170355, 50.643747346926695 ], [ -75.589184765588527, 50.643816969870109 ], [ -75.589942686720377, 50.643735770925367 ] ], [ [ -75.589996336839846, 50.643733982064695 ], [ -75.590071037909183, 50.643733980539352 ], [ -75.589942754900136, 50.643735767979919 ], [ -75.589996336839846, 50.643733982064695 ] ], [ [ -75.591110229634651, 50.643768314392197 ], [ -75.591603599676674, 50.643841403642995 ], [ -75.590471501584389, 50.643746205142868 ], [ -75.591110229634651, 50.643768314392197 ] ], [ [ -75.591650204006697, 50.643856046917954 ], [ -75.591895736062767, 50.643940325060122 ], [ -75.591708639570683, 50.643874407680499 ], [ -75.591650204006697, 50.643856046917954 ] ], [ [ -75.592613220909243, 50.64419174675097 ], [ -75.594099460847573, 50.644853431534003 ], [ -75.591906637795304, 50.643944138593127 ], [ -75.592613220909243, 50.64419174675097 ] ], [ [ -75.595405579226991, 50.645435336698128 ], [ -75.595448834759949, 50.645454025796809 ], [ -75.595364322686635, 50.645417239937736 ], [ -75.595405579226991, 50.645435336698128 ] ], [ [ -75.598688620658024, 50.646034366854934 ], [ -75.5985523053306, 50.646059353892234 ], [ -75.59873167037874, 50.646042404100093 ], [ -75.598688620658024, 50.646034366854934 ] ], [ [ -75.598317576775045, 50.64610237898534 ], [ -75.597967225651274, 50.646197314957114 ], [ -75.598551561048609, 50.646059491465095 ], [ -75.598317576775045, 50.64610237898534 ] ], [ [ -75.600433350549082, 50.646492008056114 ], [ -75.601682324075625, 50.646777791858298 ], [ -75.599230251425041, 50.646172712754073 ], [ -75.600433350549082, 50.646492008056114 ] ], [ [ -75.603454590196307, 50.647068028289731 ], [ -75.604648099798922, 50.647210168960619 ], [ -75.603069380967867, 50.647024945467599 ], [ -75.603454590196307, 50.647068028289731 ] ], [ [ -75.608055113151011, 50.647903446885742 ], [ -75.609527587971385, 50.647903446621136 ], [ -75.609615969883279, 50.647895409714621 ], [ -75.607474665119156, 50.647856406139738 ], [ -75.605511289584513, 50.64746074650462 ], [ -75.606903075762801, 50.647781376616123 ], [ -75.607475280839822, 50.647857670164491 ], [ -75.608055113151011, 50.647903446885742 ] ], [ [ -75.617790221943622, 50.649234776262453 ], [ -75.630878018714085, 50.649261092765094 ], [ -75.617793879380258, 50.649234104093601 ], [ -75.613913843391742, 50.648667000747771 ], [ -75.617790221943622, 50.649234776262453 ] ], [ [ -75.523001287589253, 50.658607346703192 ], [ -75.522480554782021, 50.662865887773492 ], [ -75.520856786796287, 50.666025271915423 ], [ -75.52062995297068, 50.668936798379178 ], [ -75.520858763817287, 50.666027073030584 ], [ -75.52248382503862, 50.662864688465156 ], [ -75.523002624540581, 50.658607487148792 ], [ -75.517700195246178, 50.658027652524908 ], [ -75.51242828383424, 50.658119206059176 ], [ -75.510968769762783, 50.657145666052998 ], [ -75.512424843381908, 50.658119553798819 ], [ -75.517698672909489, 50.658028333253291 ], [ -75.523001287589253, 50.658607346703192 ] ], [ [ -75.645101413195732, 50.649510125064268 ], [ -75.644071197559185, 50.649859151825723 ], [ -75.645106008707032, 50.649511214126534 ], [ -75.645101413195732, 50.649510125064268 ] ], [ [ -75.630329860140321, 50.652041198255112 ], [ -75.591186522839507, 50.666267398835771 ], [ -75.590202331884825, 50.666671757514095 ], [ -75.589279173806673, 50.667125706763571 ], [ -75.588424681722003, 50.667621616178046 ], [ -75.575368227238457, 50.67581970181412 ], [ -75.590205709096495, 50.666672137011005 ], [ -75.630329860140321, 50.652041198255112 ] ], [ [ -75.508079527128999, 50.679889689196699 ], [ -75.501164435213767, 50.682915778549379 ], [ -75.49746573620321, 50.687005055980116 ], [ -75.49626728375155, 50.691945816028266 ], [ -75.497467040261924, 50.687004093709994 ], [ -75.501167296755014, 50.682914737290396 ], [ -75.508079527128999, 50.679889689196699 ], [ -75.511962890110098, 50.68027115229669 ], [ -75.512183607708707, 50.680066611784135 ], [ -75.511964304274429, 50.68026957287934 ], [ -75.508079527128999, 50.679889689196699 ] ], [ [ -75.573738097520689, 50.677005771557923 ], [ -75.573119686754239, 50.677598722789497 ], [ -75.574427311161742, 50.676456557118456 ], [ -75.573738097520689, 50.677005771557923 ] ], [ [ -75.572525024293569, 50.678276065778711 ], [ -75.571934584483017, 50.679153134757762 ], [ -75.573090475270902, 50.677626681934157 ], [ -75.572525024293569, 50.678276065778711 ] ], [ [ -75.571357727955942, 50.680370334792848 ], [ -75.571255929411919, 50.680672736738103 ], [ -75.571553384415225, 50.679901260252798 ], [ -75.571357727955942, 50.680370334792848 ] ], [ [ -75.569086197908959, 50.68080973011655 ], [ -75.569501180145565, 50.680756142425778 ], [ -75.569733127939159, 50.680744173658084 ], [ -75.569086197908959, 50.68080973011655 ] ], [ [ -75.570481394381559, 50.680749184980463 ], [ -75.57122671767587, 50.68075722139907 ], [ -75.571227273915312, 50.68075561331294 ], [ -75.570481394381559, 50.680749184980463 ] ], [ [ -75.567955869448369, 50.681020432185441 ], [ -75.568778683648986, 50.680866199582113 ], [ -75.567771630515011, 50.681059496902563 ], [ -75.567955869448369, 50.681020432185441 ] ], [ [ -75.565589903794134, 50.681777957884528 ], [ -75.5654322224607, 50.681837551425588 ], [ -75.567161334142099, 50.681247604085129 ], [ -75.565589903794134, 50.681777957884528 ] ], [ [ -75.561820983235322, 50.683673863165659 ], [ -75.56160345791686, 50.683801079001931 ], [ -75.565218875039989, 50.681931223069476 ], [ -75.561820983235322, 50.683673863165659 ] ], [ [ -75.561218260945324, 50.684101108598547 ], [ -75.561168983785606, 50.684155315401938 ], [ -75.561262460068946, 50.68406182260243 ], [ -75.561218260945324, 50.684101108598547 ] ], [ [ -75.560372097434012, 50.685284368675532 ], [ -75.558746338764408, 50.688594822234521 ], [ -75.558731708459888, 50.688634723102176 ], [ -75.560372097434012, 50.685284368675532 ] ], [ [ -75.523170472123425, 50.670681003802564 ], [ -75.521355762352201, 50.66943579744477 ], [ -75.523168441296903, 50.67068196007375 ], [ -75.523625854569048, 50.673134247812342 ], [ -75.520566137884032, 50.675647580673306 ], [ -75.518488826099443, 50.676393160468166 ], [ -75.520568848213742, 50.675647739392716 ], [ -75.523628234536886, 50.673133854315857 ], [ -75.523170472123425, 50.670681003802564 ] ], [ [ -75.558692931409084, 50.689376834907058 ], [ -75.55886383312496, 50.689736182593954 ], [ -75.558659033275546, 50.689162129601662 ], [ -75.558692931409084, 50.689376834907058 ] ], [ [ -75.560050963380789, 50.690711979217433 ], [ -75.560688247856206, 50.691557838333082 ], [ -75.560700573392992, 50.691554775138819 ], [ -75.560049907958273, 50.690710304327538 ], [ -75.559234304900656, 50.690147548222527 ], [ -75.560050963380789, 50.690711979217433 ] ], [ [ -75.5591125490308, 50.691978459261755 ], [ -75.558278256882332, 50.692474661436435 ], [ -75.559112382504367, 50.691979678147291 ], [ -75.56067387765647, 50.691561416986055 ], [ -75.5591125490308, 50.691978459261755 ] ], [ [ -75.557579039257703, 50.693107608867479 ], [ -75.557485220582677, 50.693202418760144 ], [ -75.557994065967065, 50.692731782748652 ], [ -75.557579039257703, 50.693107608867479 ] ], [ [ -75.557312012255295, 50.693408970340201 ], [ -75.557309941956532, 50.693412451096911 ], [ -75.557320998032509, 50.693397737196257 ], [ -75.557312012255295, 50.693408970340201 ] ], [ [ -75.489674845482185, 50.702570593125053 ], [ -75.489677467347732, 50.702571612369105 ], [ -75.490398456597504, 50.697619095085635 ], [ -75.489674845482185, 50.702570593125053 ] ], [ [ -75.557106018286902, 50.693836216849235 ], [ -75.557095431741203, 50.693905025290391 ], [ -75.55714183666656, 50.693738992562139 ], [ -75.557106018286902, 50.693836216849235 ] ], [ [ -75.557067871544078, 50.694129947599677 ], [ -75.557067872433763, 50.694445711237947 ], [ -75.557072536298591, 50.694085637776084 ], [ -75.557067871544078, 50.694129947599677 ] ], [ [ -75.557067569060294, 50.694511762150029 ], [ -75.556845557388002, 50.694765496329808 ], [ -75.557067563671879, 50.694513133662653 ], [ -75.557067569060294, 50.694511762150029 ] ], [ [ -75.555282591498425, 50.696479801622921 ], [ -75.555460321955223, 50.696206417237057 ], [ -75.55584621660185, 50.695816703483281 ], [ -75.555458069188276, 50.696205143042683 ], [ -75.555282591498425, 50.696479801622921 ] ], [ [ -75.555175781271004, 50.696769718843377 ], [ -75.555152894757029, 50.696965784885599 ], [ -75.555207528722008, 50.696669184567519 ], [ -75.555175781271004, 50.696769718843377 ] ], [ [ -75.554435730369789, 50.698246006243103 ], [ -75.551696777419394, 50.70360565621975 ], [ -75.551406859676248, 50.703575138207562 ], [ -75.551276863800908, 50.703563689573798 ], [ -75.551700215586933, 50.703606688784411 ], [ -75.554439093409528, 50.698245262168093 ], [ -75.554840097559918, 50.697556211680883 ], [ -75.555156247259944, 50.697127464447767 ], [ -75.555152892558169, 50.697095204415504 ], [ -75.554840086928508, 50.697555545857213 ], [ -75.554435730369789, 50.698246006243103 ] ], [ [ -75.547737520351944, 50.703859225896224 ], [ -75.547984459645178, 50.703765117388478 ], [ -75.548033753496398, 50.703749047297066 ], [ -75.547737520351944, 50.703859225896224 ] ], [ [ -75.550222446477761, 50.703610298672643 ], [ -75.550302396764693, 50.703597269192706 ], [ -75.550224305002146, 50.703609470971699 ], [ -75.550170898439987, 50.703598026800748 ], [ -75.5499420166676, 50.703563694848981 ], [ -75.549713135004808, 50.703540805509796 ], [ -75.54960297106237, 50.70353725422806 ], [ -75.550222446477761, 50.703610298672643 ] ], [ [ -75.550808184282957, 50.703552697051933 ], [ -75.550975721177963, 50.703552251838644 ], [ -75.550574363885843, 50.703565624367663 ], [ -75.550808184282957, 50.703552697051933 ] ], [ [ -75.54947731193883, 50.703531594775789 ], [ -75.549240111845862, 50.703533177438835 ], [ -75.549198466299643, 50.703535955690114 ], [ -75.54947731193883, 50.703531594775789 ] ], [ [ -75.54652404789708, 50.704769138266123 ], [ -75.546459891749066, 50.704855501849288 ], [ -75.54662059321916, 50.704675433537851 ], [ -75.54652404789708, 50.704769138266123 ] ], [ [ -75.546333312625947, 50.705039982333538 ], [ -75.546328825572857, 50.705049207282443 ], [ -75.546340756210668, 50.705028818409602 ], [ -75.546333312625947, 50.705039982333538 ] ], [ [ -75.528076172435789, 50.706626896847006 ], [ -75.527862782280422, 50.70665168497807 ], [ -75.528237341192721, 50.706619098345925 ], [ -75.528076172435789, 50.706626896847006 ] ], [ [ -75.52731941722692, 50.706762160240807 ], [ -75.526443481245423, 50.707111362262623 ], [ -75.526275634789158, 50.707214359359902 ], [ -75.525849112310596, 50.707539228783773 ], [ -75.52731941722692, 50.706762160240807 ] ], [ [ -75.529241236280455, 50.706684555228883 ], [ -75.529328899911789, 50.706703265220774 ], [ -75.529116356063156, 50.706665049437085 ], [ -75.529241236280455, 50.706684555228883 ] ], [ [ -75.529886191054644, 50.706860900311163 ], [ -75.529927118390361, 50.706876704692363 ], [ -75.529730932726807, 50.706808457438378 ], [ -75.529886191054644, 50.706860900311163 ] ], [ [ -75.530105339922414, 50.706948445393031 ], [ -75.530220955552991, 50.707000717519286 ], [ -75.530044848351395, 50.706923436044136 ], [ -75.530105339922414, 50.706948445393031 ] ], [ [ -75.545695331918779, 50.706014878687213 ], [ -75.545448303575398, 50.706302646951009 ], [ -75.545299222161759, 50.706417187835463 ], [ -75.545449713241254, 50.706302642184966 ], [ -75.545695331918779, 50.706014878687213 ] ], [ [ -75.530937194950724, 50.707466129475016 ], [ -75.530687978953807, 50.707267955960205 ], [ -75.530998135402726, 50.707532150722848 ], [ -75.530937194950724, 50.707466129475016 ] ], [ [ -75.544868469228106, 50.706661228548505 ], [ -75.544692982370321, 50.706756554817652 ], [ -75.545032726611964, 50.706591734959794 ], [ -75.544868469228106, 50.706661228548505 ] ], [ [ -75.525424021354524, 50.707929216078668 ], [ -75.525467907116763, 50.70788048464145 ], [ -75.525388201068623, 50.707972277263892 ], [ -75.525424021354524, 50.707929216078668 ] ], [ [ -75.525530122768743, 50.707813892350593 ], [ -75.525608252057623, 50.707737693379904 ], [ -75.525488996583206, 50.707857792316027 ], [ -75.525530122768743, 50.707813892350593 ] ], [ [ -75.543879655605778, 50.707249983893625 ], [ -75.544525147869976, 50.706859593273791 ], [ -75.54436492858234, 50.706966404195889 ], [ -75.544235229842656, 50.707061771879509 ], [ -75.543879655605778, 50.707249983893625 ] ], [ [ -75.518292815512368, 50.708829139768191 ], [ -75.518413257590041, 50.708801535652469 ], [ -75.518079523262671, 50.708891195993239 ], [ -75.518292815512368, 50.708829139768191 ] ], [ [ -75.54387722429658, 50.707251268833154 ], [ -75.542276721033957, 50.708095340647141 ], [ -75.54223052831037, 50.70811020551367 ], [ -75.542278569551101, 50.708094934708157 ], [ -75.54387722429658, 50.707251268833154 ] ], [ [ -75.517082213636826, 50.709423069589597 ], [ -75.515970120608458, 50.709960916115925 ], [ -75.517174168610936, 50.709352527979952 ], [ -75.517082213636826, 50.709423069589597 ] ], [ [ -75.514963949442347, 50.709972734899836 ], [ -75.514448842919805, 50.709778794147766 ], [ -75.514750254258075, 50.709911324399989 ], [ -75.514963949442347, 50.709972734899836 ] ], [ [ -75.510556920377113, 50.710241225655494 ], [ -75.510949791698621, 50.709957540734429 ], [ -75.511046819676309, 50.709905753533157 ], [ -75.510556920377113, 50.710241225655494 ] ], [ [ -75.514137266512847, 50.709671024058089 ], [ -75.513866768233456, 50.709600866933123 ], [ -75.514241704843329, 50.709705839501602 ], [ -75.514137266512847, 50.709671024058089 ] ], [ [ -75.511320669810843, 50.709775612122108 ], [ -75.511425657663011, 50.70973615408321 ], [ -75.511223781361608, 50.709819213386432 ], [ -75.511320669810843, 50.709775612122108 ] ], [ [ -75.531490685221286, 50.708448944825591 ], [ -75.531499980497898, 50.708546719300607 ], [ -75.531479172006613, 50.708363645778391 ], [ -75.531490685221286, 50.708448944825591 ] ], [ [ -75.511602821820304, 50.709675044165706 ], [ -75.512177651793266, 50.709538894427133 ], [ -75.512550490737567, 50.7094976327352 ], [ -75.511602821820304, 50.709675044165706 ] ], [ [ -75.517677313263263, 50.709049233761682 ], [ -75.51732635427139, 50.709243778839543 ], [ -75.517284463503088, 50.709274149675991 ], [ -75.517677313263263, 50.709049233761682 ] ], [ [ -75.521791234440869, 50.708795843459221 ], [ -75.522421791360969, 50.708797850043254 ], [ -75.522602543460764, 50.708767195321421 ], [ -75.521791234440869, 50.708795843459221 ] ], [ [ -75.512878416899213, 50.709484105213988 ], [ -75.512791691871783, 50.709486902835422 ], [ -75.513025197455221, 50.709488997295828 ], [ -75.512878416899213, 50.709484105213988 ] ], [ [ -75.533123076506868, 50.708591099121577 ], [ -75.532942330289913, 50.708579813336044 ], [ -75.537652113648946, 50.708204510459986 ], [ -75.533123076506868, 50.708591099121577 ] ], [ [ -75.532739225547957, 50.70857438505665 ], [ -75.53202056821786, 50.708599095386901 ], [ -75.531978701593275, 50.70860231538272 ], [ -75.532739225547957, 50.70857438505665 ] ], [ [ -75.531692467723985, 50.708626530296193 ], [ -75.531779316058447, 50.708618563017637 ], [ -75.531630957965092, 50.708609796224096 ], [ -75.531692467723985, 50.708626530296193 ] ], [ [ -75.537985106730744, 50.708188617871699 ], [ -75.538089475149278, 50.708189442832271 ], [ -75.537899036061091, 50.708191095377728 ], [ -75.537985106730744, 50.708188617871699 ] ], [ [ -75.540575339987726, 50.708256592430864 ], [ -75.540703626651606, 50.708265684890748 ], [ -75.540513069645527, 50.708254005944688 ], [ -75.540575339987726, 50.708256592430864 ] ], [ [ -75.540829146709513, 50.708278143002623 ], [ -75.541773976987699, 50.708282361692895 ], [ -75.541832938876368, 50.708256639757138 ], [ -75.540829146709513, 50.708278143002623 ] ], [ [ -75.531225262561023, 50.707791112535638 ], [ -75.531359066200324, 50.708010759054964 ], [ -75.53115889233753, 50.707710789261959 ], [ -75.531225262561023, 50.707791112535638 ] ], [ [ -75.525068144800557, 50.708150645830102 ], [ -75.525074703532511, 50.708149209593813 ], [ -75.525147627044618, 50.708118815065248 ], [ -75.525068144800557, 50.708150645830102 ], [ -75.524711799712676, 50.70824851333326 ], [ -75.524981447681498, 50.708169629279432 ], [ -75.525068144800557, 50.708150645830102 ] ], [ [ -75.525362180268502, 50.708005398198551 ], [ -75.525246690975749, 50.708077525144191 ], [ -75.525340800368383, 50.708033262649003 ], [ -75.525362180268502, 50.708005398198551 ] ], [ [ -75.520240783609552, 50.708683018076343 ], [ -75.520202446300317, 50.708684934737363 ], [ -75.520342150556374, 50.708677949814266 ], [ -75.520240783609552, 50.708683018076343 ] ], [ [ -75.519859314264636, 50.708679203516461 ], [ -75.519549303201515, 50.708681754987857 ], [ -75.519968416480324, 50.70868465886663 ], [ -75.519859314264636, 50.708679203516461 ] ], [ [ -75.519154610549663, 50.708700013862348 ], [ -75.519157409949216, 50.708698276894665 ], [ -75.519051622788709, 50.708707092602218 ], [ -75.519154610549663, 50.708700013862348 ] ], [ [ -75.515245087825235, 50.710076492882592 ], [ -75.51532325607468, 50.71010698569701 ], [ -75.515542846026761, 50.710081421832804 ], [ -75.515245087825235, 50.710076492882592 ] ], [ [ -75.510269163955201, 50.710556033934949 ], [ -75.510252560179921, 50.710582602189596 ], [ -75.510338232041263, 50.7104697008294 ], [ -75.510269163955201, 50.710556033934949 ] ], [ [ -75.510093688392402, 50.710849765395913 ], [ -75.509964476273964, 50.710925815643087 ], [ -75.510160491016919, 50.710723482821621 ], [ -75.510093688392402, 50.710849765395913 ] ], [ [ -75.509910583093358, 50.710952762628978 ], [ -75.509845146401133, 50.710985443285594 ], [ -75.509964339531166, 50.710925885093069 ], [ -75.509910583093358, 50.710952762628978 ] ], [ [ -75.509712217625221, 50.711051945583506 ], [ -75.509606141703671, 50.711117038624764 ], [ -75.509833006760985, 50.710991511494655 ], [ -75.509712217625221, 50.711051945583506 ] ], [ [ -75.509379338927417, 50.711269715970829 ], [ -75.509243872816143, 50.71138219630339 ], [ -75.509411611619683, 50.711246609951502 ], [ -75.509379338927417, 50.711269715970829 ] ], [ [ -75.509063957435984, 50.711543833228667 ], [ -75.509064527021849, 50.711544215022251 ], [ -75.509095525975908, 50.711516211990542 ], [ -75.509063957435984, 50.711543833228667 ] ], [ [ -74.881171686695652, 50.523813434415693 ], [ -74.879369549265988, 50.523036244983437 ], [ -74.882326506741634, 50.524229438029693 ], [ -74.881171686695652, 50.523813434415693 ] ], [ [ -74.877542592575637, 50.521940434971953 ], [ -74.876569680208974, 50.521142891040022 ], [ -74.87911291769089, 50.522904489405825 ], [ -74.877542592575637, 50.521940434971953 ] ], [ [ -74.874368442635557, 50.518015402983366 ], [ -74.873737895806187, 50.516326493345581 ], [ -74.874574671002748, 50.518490952442242 ], [ -74.874368442635557, 50.518015402983366 ] ], [ [ -74.873161436235961, 50.513446379713081 ], [ -74.873050937179016, 50.512837202352976 ], [ -74.873165146744199, 50.513473078362118 ], [ -74.873161436235961, 50.513446379713081 ] ], [ [ -74.870982392071284, 50.508876289337714 ], [ -74.870238088921653, 50.507029071275916 ], [ -74.870338439816649, 50.507450107936414 ], [ -74.870613097217444, 50.508171086047909 ], [ -74.870979310497546, 50.508876804475229 ], [ -74.871437072770092, 50.509559635520574 ], [ -74.871986388869203, 50.510219577954125 ], [ -74.872611998914721, 50.510845188563664 ], [ -74.87262227592494, 50.510926370335383 ], [ -74.872612486877571, 50.510844390500381 ], [ -74.871438431306885, 50.509560334819767 ], [ -74.870982392071284, 50.508876289337714 ] ], [ [ -74.870018374746124, 50.505194302019717 ], [ -74.870034655808595, 50.504250769373982 ], [ -74.870065620476737, 50.505838415269615 ], [ -74.870018374746124, 50.505194302019717 ] ], [ [ -74.871600492026289, 50.498544293560549 ], [ -74.872437448391167, 50.49729930702091 ], [ -74.871412794681675, 50.498953521094037 ], [ -74.871600492026289, 50.498544293560549 ] ], [ [ -74.865348816550707, 50.498497012897921 ], [ -74.865639908200549, 50.498423154329409 ], [ -74.864843193777403, 50.498573202393501 ], [ -74.865348816550707, 50.498497012897921 ] ], [ [ -74.864493660368822, 50.498542344760075 ], [ -74.864145466204491, 50.498496400600125 ], [ -74.863716488066245, 50.497981421153618 ], [ -74.8634743915933, 50.497811520607478 ], [ -74.864143371653824, 50.498497013861439 ], [ -74.864493660368822, 50.498542344760075 ] ], [ [ -74.866434456087447, 50.497718058111282 ], [ -74.866462938635166, 50.497765411344275 ], [ -74.866462708628404, 50.497764591487531 ], [ -74.866434456087447, 50.497718058111282 ] ], [ [ -74.866291549645311, 50.498152378882928 ], [ -74.865995360409656, 50.498300813845788 ], [ -74.866365476014508, 50.498054382199811 ], [ -74.866291549645311, 50.498152378882928 ] ], [ [ -74.868223505430919, 50.497036111229363 ], [ -74.868782042788993, 50.496479039015988 ], [ -74.86891174359063, 50.496177676745774 ], [ -74.868523456020057, 50.495706051415127 ], [ -74.868909499526183, 50.496178370373983 ], [ -74.868223505430919, 50.497036111229363 ] ], [ [ -74.86338304443133, 50.497103411323927 ], [ -74.862987514174563, 50.496565005665794 ], [ -74.862983704124275, 50.496692661125202 ], [ -74.86338304443133, 50.497103411323927 ] ], [ [ -74.865604510575693, 50.496221419360289 ], [ -74.865513155893353, 50.496422871555254 ], [ -74.865607913408667, 50.496220284735749 ], [ -74.865604510575693, 50.496221419360289 ] ], [ [ -74.866333927851116, 50.496178359950747 ], [ -74.866384926429888, 50.496216230634481 ], [ -74.866334464369999, 50.496178408449083 ], [ -74.866333927851116, 50.496178359950747 ] ], [ [ -74.866084537674752, 50.496155633812947 ], [ -74.865862475316504, 50.496135396262545 ], [ -74.865861198501989, 50.496135822701049 ], [ -74.866084537674752, 50.496155633812947 ] ], [ [ -74.869636535294845, 50.495578770019648 ], [ -74.870179334157996, 50.49564511301957 ], [ -74.869367192756826, 50.495420115406077 ], [ -74.869636535294845, 50.495578770019648 ] ], [ [ -74.870939437121876, 50.495590324113813 ], [ -74.870887248166397, 50.495612678325386 ], [ -74.870940365369606, 50.495590546486248 ], [ -74.870939437121876, 50.495590324113813 ] ], [ [ -74.873474440632037, 50.496206387230977 ], [ -74.873271522002725, 50.496395730936129 ], [ -74.873482427871991, 50.496199123328459 ], [ -74.871566223290728, 50.495740385993663 ], [ -74.873474440632037, 50.496206387230977 ] ], [ [ -74.869252797017793, 50.495277792773329 ], [ -74.868737476119904, 50.495363384070821 ], [ -74.868677415646403, 50.495411387501591 ], [ -74.868736265986442, 50.495365146999525 ], [ -74.869252797017793, 50.495277792773329 ] ], [ [ -74.862640381181834, 50.495620731369669 ], [ -74.862643507705798, 50.495620390988059 ], [ -74.863158522143237, 50.495449356597526 ], [ -74.862640381181834, 50.495620731369669 ] ], [ [ -74.862815492372349, 50.49493436397195 ], [ -74.862426757934159, 50.495147709321593 ], [ -74.862472534499688, 50.495235446890781 ], [ -74.862885291183673, 50.495268831939129 ], [ -74.862429494842658, 50.495148392078093 ], [ -74.862815492372349, 50.49493436397195 ] ], [ [ -74.862472550427384, 50.49433339621995 ], [ -74.861900087220207, 50.494128662756488 ], [ -74.862926562629923, 50.494622447399777 ], [ -74.862472550427384, 50.49433339621995 ] ], [ [ -74.861871406015979, 50.494118345431275 ], [ -74.861828545298124, 50.494053964980075 ], [ -74.861869811485221, 50.494117741225622 ], [ -74.861871406015979, 50.494118345431275 ] ], [ [ -74.861830499234287, 50.493775227952689 ], [ -74.862156939693023, 50.493742472008975 ], [ -74.861831664846434, 50.493774418663627 ], [ -74.861830499234287, 50.493775227952689 ] ], [ [ -74.862871527863504, 50.49334823353832 ], [ -74.862901087155507, 50.493304091307444 ], [ -74.862899779863, 50.493305211139997 ], [ -74.862871527863504, 50.49334823353832 ] ], [ [ -74.863115464712692, 50.492616415249358 ], [ -74.863113559926489, 50.492615552123176 ], [ -74.863143390665059, 50.492769672513191 ], [ -74.863115464712692, 50.492616415249358 ] ], [ [ -74.862643469029265, 50.492402351384342 ], [ -74.862643093187231, 50.492402351866602 ], [ -74.862731741254976, 50.492442386265857 ], [ -74.862643469029265, 50.492402351384342 ] ], [ [ -74.861871519285557, 50.492058370523843 ], [ -74.86186987132885, 50.492057959201311 ], [ -74.862000131702331, 50.492401557001486 ], [ -74.861871519285557, 50.492058370523843 ] ], [ [ -74.861055533170003, 50.491500426640535 ], [ -74.860861338938165, 50.49141439802672 ], [ -74.861157088090081, 50.491703592943303 ], [ -74.861055533170003, 50.491500426640535 ] ], [ [ -74.860498512900094, 50.490041439227397 ], [ -74.860616848963815, 50.489893342577254 ], [ -74.860520442514073, 50.490601960165762 ], [ -74.860498512900094, 50.490041439227397 ] ], [ [ -74.861184513272178, 50.489483380276894 ], [ -74.861390973249243, 50.489024495320763 ], [ -74.860796050414194, 50.489742888399107 ], [ -74.861184513272178, 50.489483380276894 ] ], [ [ -74.861796454486793, 50.488264282120319 ], [ -74.862429526368899, 50.487252387107986 ], [ -74.862425581789864, 50.487253175973663 ], [ -74.861796454486793, 50.488264282120319 ] ], [ [ -74.86221313435307, 50.48729706200713 ], [ -74.862311585327461, 50.487275965529832 ], [ -74.862110233659678, 50.48734736928732 ], [ -74.86221313435307, 50.48729706200713 ] ], [ [ -74.860122303265172, 50.48743828516475 ], [ -74.859897541705422, 50.487123378360366 ], [ -74.859894457417568, 50.487122498234925 ], [ -74.860122303265172, 50.48743828516475 ] ], [ [ -74.848999022253267, 50.48785400788644 ], [ -74.850064005069768, 50.487683713908851 ], [ -74.848996540286066, 50.487853423003614 ], [ -74.848032467982748, 50.487529531543252 ], [ -74.848350524873723, 50.487724308313659 ], [ -74.848999022253267, 50.48785400788644 ] ], [ [ -74.850112489662692, 50.487466417407084 ], [ -74.850110571461158, 50.487476000426113 ], [ -74.850015799258472, 50.487353511989326 ], [ -74.850112489662692, 50.487466417407084 ] ], [ [ -74.855903086649263, 50.486853212451692 ], [ -74.855605506817895, 50.487338361966131 ], [ -74.855364660230833, 50.487441162381408 ], [ -74.855606078939189, 50.487339023416951 ], [ -74.855865478196506, 50.486995700525171 ], [ -74.855903086649263, 50.486853212451692 ] ], [ [ -74.852517616019256, 50.48704633553595 ], [ -74.851914455740527, 50.486780367736444 ], [ -74.851485515775806, 50.486780404596587 ], [ -74.851186795982628, 50.486866066198445 ], [ -74.851913451405622, 50.486782077890993 ], [ -74.852517616019256, 50.48704633553595 ] ], [ [ -74.850993486117531, 50.48684716869834 ], [ -74.850241550910638, 50.486651416953393 ], [ -74.849983275367407, 50.486824000055037 ], [ -74.850242614670108, 50.486652378418846 ], [ -74.850753784266232, 50.486824039497542 ], [ -74.850993486117531, 50.48684716869834 ] ], [ [ -74.847352961384999, 50.48704691660631 ], [ -74.84732349668694, 50.48686642186248 ], [ -74.847108499123138, 50.486651398117665 ], [ -74.847048012597483, 50.486349729605074 ], [ -74.847106932975578, 50.486652378024644 ], [ -74.847352961384999, 50.48704691660631 ] ], [ [ -74.859510483435741, 50.485836384563854 ], [ -74.859939574272602, 50.486221317135218 ], [ -74.859812987185208, 50.486349529472207 ], [ -74.859940492726508, 50.486222429386856 ], [ -74.859897516007024, 50.485964410694258 ], [ -74.859725458510965, 50.485878388183096 ], [ -74.859510483435741, 50.485836384563854 ] ], [ [ -74.856823702547914, 50.486459355513176 ], [ -74.856463550067986, 50.486479347475544 ], [ -74.856462508183952, 50.486480603838736 ], [ -74.856823702547914, 50.486459355513176 ] ], [ [ -74.859596251183632, 50.48703766279786 ], [ -74.859681889118377, 50.48706181708355 ], [ -74.859599122946946, 50.487005405369203 ], [ -74.859596251183632, 50.48703766279786 ] ], [ [ -74.853416468382179, 50.487380381679145 ], [ -74.853843689053605, 50.487510685067697 ], [ -74.854919432580928, 50.487510685229502 ], [ -74.855126211627805, 50.487486358171516 ], [ -74.853416468382179, 50.487380381679145 ] ], [ [ -74.857925415347694, 50.485664371838688 ], [ -74.858138182250897, 50.485535191736624 ], [ -74.85789509108379, 50.485721228440802 ], [ -74.857925415347694, 50.485664371838688 ] ], [ [ -74.859336851785457, 50.485450748927043 ], [ -74.859316624932802, 50.485564027275231 ], [ -74.859339374937065, 50.485450293029061 ], [ -74.859336851785457, 50.485450748927043 ] ], [ [ -74.859540690301259, 50.485449408624198 ], [ -74.859553550515983, 50.485449409630313 ], [ -74.858996468178191, 50.485374902483798 ], [ -74.859540690301259, 50.485449408624198 ] ], [ [ -74.83131408511818, 50.486652377866356 ], [ -74.831315407900163, 50.486651386086031 ], [ -74.831130224568838, 50.48663591285959 ], [ -74.83131408511818, 50.486652377866356 ] ], [ [ -74.831366223206444, 50.486611671803743 ], [ -74.832305907052103, 50.485877994863266 ], [ -74.832467092328443, 50.48580546184759 ], [ -74.832302503318232, 50.485878395528097 ], [ -74.831366223206444, 50.486611671803743 ] ], [ [ -74.830371449084311, 50.486479382906552 ], [ -74.830129248105266, 50.486237146041802 ], [ -74.830579830674836, 50.486542024025326 ], [ -74.830371449084311, 50.486479382906552 ] ], [ [ -74.846847534074882, 50.485107425042642 ], [ -74.846893267665081, 50.485621923496986 ], [ -74.84685045034621, 50.485106418493615 ], [ -74.847194477112538, 50.484806426083303 ], [ -74.847459906725049, 50.483871463379067 ], [ -74.847190857682861, 50.484806064665001 ], [ -74.846847534074882, 50.485107425042642 ] ], [ [ -74.832992553980688, 50.485450748580092 ], [ -74.833683723027349, 50.485379781128962 ], [ -74.832789277665213, 50.485620993448599 ], [ -74.832992553980688, 50.485450748580092 ] ], [ [ -74.834365845354753, 50.485279087245509 ], [ -74.834522835459623, 50.485198210179874 ], [ -74.833976668457126, 50.485342041721253 ], [ -74.834365845354753, 50.485279087245509 ] ], [ [ -74.828268533342126, 50.48514949504758 ], [ -74.828268443826232, 50.48514939384205 ], [ -74.828204634345809, 50.485154308670623 ], [ -74.828268533342126, 50.48514949504758 ] ], [ [ -74.835646111602799, 50.48441143941433 ], [ -74.836639403649428, 50.483947757977887 ], [ -74.836982726593988, 50.483734134569595 ], [ -74.837667743545552, 50.4834753501707 ], [ -74.835646111602799, 50.48441143941433 ] ], [ [ -74.826079539718862, 50.484205387935155 ], [ -74.825736527202622, 50.484205430364391 ], [ -74.825307477390439, 50.484291425248884 ], [ -74.825213614935706, 50.484353287547414 ], [ -74.826080322235597, 50.484207157522519 ], [ -74.826850890554354, 50.484634402705971 ], [ -74.827110289663835, 50.484722141445886 ], [ -74.827201540236686, 50.484812049484511 ], [ -74.827109515252644, 50.484720389569596 ], [ -74.826079539718862, 50.484205387935155 ] ], [ [ -74.825180052881393, 50.48459244187886 ], [ -74.825180053504951, 50.484375406706711 ], [ -74.825178472257576, 50.484591424055672 ], [ -74.824835851801922, 50.484419515206305 ], [ -74.825180052881393, 50.48459244187886 ] ], [ [ -74.824188233277553, 50.483947758021394 ], [ -74.824706459481277, 50.48420538071516 ], [ -74.824191531199517, 50.483947416261351 ], [ -74.824534443628323, 50.483690388091439 ], [ -74.824320528476434, 50.483389437128693 ], [ -74.823891494571825, 50.483089405548384 ], [ -74.823542860840718, 50.482969643329398 ], [ -74.824317930677338, 50.483390811990972 ], [ -74.824531555495881, 50.483692173566482 ], [ -74.824188233277553, 50.483947758021394 ] ], [ [ -74.841057463069347, 50.482574373711159 ], [ -74.840628506504004, 50.482617357409204 ], [ -74.841049546791027, 50.482575182147521 ], [ -74.841356789037818, 50.482830787291959 ], [ -74.841057463069347, 50.482574373711159 ] ], [ [ -74.844102098407134, 50.482532937575527 ], [ -74.844444275681411, 50.482662205553915 ], [ -74.844832031488721, 50.482636354355762 ], [ -74.844447457314757, 50.482660427397043 ], [ -74.844102098407134, 50.482532937575527 ] ], [ [ -74.845132865731088, 50.482617522339403 ], [ -74.845228235646587, 50.482671168591125 ], [ -74.845134442126493, 50.482617423837489 ], [ -74.845132865731088, 50.482617522339403 ] ], [ [ -74.843635558892814, 50.48283005209435 ], [ -74.843784387264378, 50.482734897802032 ], [ -74.843633696828277, 50.482830685414775 ], [ -74.843635558892814, 50.48283005209435 ] ], [ [ -74.843226896473567, 50.483065639462048 ], [ -74.841630237393602, 50.482913065943585 ], [ -74.841827392880091, 50.4830474889973 ], [ -74.842643737951818, 50.483177188615727 ], [ -74.843116761201344, 50.483177189014555 ], [ -74.843226896473567, 50.483065639462048 ] ], [ [ -74.846536131978766, 50.482785015552842 ], [ -74.84676361098947, 50.483047488829023 ], [ -74.847106932790211, 50.483219150876465 ], [ -74.847211931589868, 50.483244256709924 ], [ -74.846536131978766, 50.482785015552842 ] ], [ [ -74.84598342516378, 50.482842228346122 ], [ -74.84645682604166, 50.482700374065466 ], [ -74.846535825641681, 50.482784671428107 ], [ -74.846464485501684, 50.482703381974829 ], [ -74.84625050139158, 50.482617377311833 ], [ -74.846035531215762, 50.482660421868808 ], [ -74.84598342516378, 50.482842228346122 ] ], [ [ -74.843416578282856, 50.482875358006964 ], [ -74.843526594993875, 50.482852592599713 ], [ -74.843417556864708, 50.482874376046858 ], [ -74.843416578282856, 50.482875358006964 ] ], [ [ -74.838637095672667, 50.483327874612662 ], [ -74.838912963542953, 50.48321915112988 ], [ -74.839355633440491, 50.483246202575415 ], [ -74.838911544968681, 50.483218358643903 ], [ -74.838637095672667, 50.483327874612662 ] ], [ [ -74.839726454479674, 50.483218421261171 ], [ -74.839599553791942, 50.483261099442807 ], [ -74.83987757393065, 50.483016971996655 ], [ -74.839726454479674, 50.483218421261171 ] ], [ [ -74.841572492739601, 50.48287443067656 ], [ -74.841462175249106, 50.482852356199054 ], [ -74.841574112867832, 50.48287551507606 ], [ -74.841572492739601, 50.48287443067656 ] ], [ [ -74.839984472641248, 50.482874470359427 ], [ -74.840054838449916, 50.482846324689163 ], [ -74.839984538075242, 50.482874383087506 ], [ -74.839984472641248, 50.482874470359427 ] ], [ [ -74.847287851540486, 50.483565807977087 ], [ -74.847494464596366, 50.483691220633148 ], [ -74.847494464802793, 50.483690379530231 ], [ -74.847287851540486, 50.483565807977087 ] ], [ [ -74.822447530130603, 50.482546562450175 ], [ -74.822433136445369, 50.482531988859037 ], [ -74.822433471439865, 50.482532504900348 ], [ -74.822447530130603, 50.482546562450175 ] ], [ [ -74.821487542573195, 50.481029423825305 ], [ -74.821468390721421, 50.480971540942747 ], [ -74.82153054111302, 50.481587425074338 ], [ -74.821487542573195, 50.481029423825305 ] ], [ [ -74.820758536935315, 50.479956426559752 ], [ -74.819686335986106, 50.479999404037017 ], [ -74.820755005227525, 50.479957584357386 ], [ -74.821357727701411, 50.480384831304214 ], [ -74.821388689530096, 50.480648012549118 ], [ -74.821359516083916, 50.480385347864555 ], [ -74.820758536935315, 50.479956426559752 ] ], [ [ -74.797362688711004, 50.481258540159793 ], [ -74.8001937850498, 50.481075291050246 ], [ -74.800994871771493, 50.480995181925366 ], [ -74.802131652635268, 50.480831150075318 ], [ -74.803245544383159, 50.48060608254233 ], [ -74.804328918442991, 50.480323795721887 ], [ -74.804936325681879, 50.4801250497095 ], [ -74.802131989457408, 50.480829829572187 ], [ -74.797362688711004, 50.481258540159793 ] ], [ [ -74.7960678155724, 50.481252880858769 ], [ -74.795439394540992, 50.481229274223956 ], [ -74.796482403815446, 50.48126005780118 ], [ -74.7960678155724, 50.481252880858769 ] ], [ [ -74.793674642461582, 50.481131857085671 ], [ -74.793400233312624, 50.481099366001963 ], [ -74.793919718794584, 50.481147600546976 ], [ -74.793674642461582, 50.481131857085671 ] ], [ [ -74.79207571591175, 50.480917558934912 ], [ -74.791398586104705, 50.480799794570046 ], [ -74.790806185657061, 50.480663165926401 ], [ -74.791397094921237, 50.480800633186988 ], [ -74.79207571591175, 50.480917558934912 ] ], [ [ -74.812947476621432, 50.476652418700318 ], [ -74.813258065226805, 50.476337674470848 ], [ -74.813034057284227, 50.476478580474222 ], [ -74.812947476621432, 50.476652418700318 ], [ -74.812904358462148, 50.4772529644492 ], [ -74.813201904555697, 50.477466587798837 ], [ -74.813674926584326, 50.477596287522339 ], [ -74.813804626588535, 50.477767948866926 ], [ -74.814231871998132, 50.478023533865183 ], [ -74.814277649069311, 50.478412632725266 ], [ -74.81449127284823, 50.478713993859344 ], [ -74.814491271788427, 50.479228977091431 ], [ -74.814750671393114, 50.479442600411495 ], [ -74.815041186826221, 50.479499667035199 ], [ -74.814492511179779, 50.479227352173261 ], [ -74.814492529510517, 50.478712380681628 ], [ -74.81423545092774, 50.478025427196947 ], [ -74.81367743916249, 50.47759642362373 ], [ -74.812904469599488, 50.477252400502934 ], [ -74.812947476621432, 50.476652418700318 ] ], [ [ -74.815694510365219, 50.47944135167333 ], [ -74.815480140528777, 50.479698598606618 ], [ -74.815839585298704, 50.479392812700382 ], [ -74.815694510365219, 50.47944135167333 ] ], [ [ -74.816635131694426, 50.479526524069982 ], [ -74.816681843447853, 50.479614103162767 ], [ -74.8165610517337, 50.479469279412804 ], [ -74.816635131694426, 50.479526524069982 ] ], [ [ -74.8184409361494, 50.479443064683814 ], [ -74.817883504060916, 50.479827430585878 ], [ -74.817682529507437, 50.479864047221298 ], [ -74.817886351278304, 50.479827884667912 ], [ -74.8184409361494, 50.479443064683814 ] ], [ [ -74.818481445237566, 50.479614261581951 ], [ -74.818527410209882, 50.479635328749517 ], [ -74.818463053505468, 50.4795314970685 ], [ -74.818481445237566, 50.479614261581951 ] ], [ [ -74.818571475637469, 50.479656113555151 ], [ -74.818572998328548, 50.479656223727083 ], [ -74.818688169479984, 50.479641504777042 ], [ -74.818571475637469, 50.479656113555151 ] ], [ [ -74.815179464194671, 50.479527382550742 ], [ -74.81526184024969, 50.47969818532551 ], [ -74.815265074827025, 50.479698594895595 ], [ -74.815179464194671, 50.479527382550742 ] ], [ [ -74.806358337183553, 50.479595188733548 ], [ -74.806360603267123, 50.479594125015332 ], [ -74.806233376800989, 50.479644212517222 ], [ -74.806358337183553, 50.479595188733548 ] ], [ [ -74.7898847692354, 50.480424513324373 ], [ -74.78924153503722, 50.480235821886311 ], [ -74.788069336539778, 50.479802655873257 ], [ -74.789237975056722, 50.480236058373002 ], [ -74.7898847692354, 50.480424513324373 ] ], [ [ -74.809307333199556, 50.477972891319666 ], [ -74.807997034823387, 50.478762614126623 ], [ -74.809976367731707, 50.477508770852943 ], [ -74.809307333199556, 50.477972891319666 ] ], [ [ -74.807298737082107, 50.479151644610475 ], [ -74.806666103579559, 50.479450064491786 ], [ -74.807296752266069, 50.479152683407193 ], [ -74.807298737082107, 50.479151644610475 ] ], [ [ -74.811043689674733, 50.476614218140341 ], [ -74.811454772244474, 50.476215367267351 ], [ -74.811701507081025, 50.47592065557938 ], [ -74.811451396142346, 50.476214832984049 ], [ -74.811043689674733, 50.476614218140341 ] ], [ [ -74.784732412252154, 50.477914782572192 ], [ -74.784622636970127, 50.47784481332792 ], [ -74.784947858666996, 50.478069540345857 ], [ -74.784732412252154, 50.477914782572192 ] ], [ [ -74.816596982365894, 50.479957585626913 ], [ -74.817024229664796, 50.480129245435386 ], [ -74.817237854674346, 50.480087284355626 ], [ -74.817411759831984, 50.479913379261951 ], [ -74.817024477229211, 50.480128403112687 ], [ -74.816596982365894, 50.479957585626913 ] ], [ [ -74.814578480596936, 50.474420371956207 ], [ -74.814525863160625, 50.47426294063191 ], [ -74.814575196653578, 50.474418643652939 ], [ -74.814361572058715, 50.474761967162884 ], [ -74.814018249651397, 50.474979404374977 ], [ -74.813888548910128, 50.475151066533122 ], [ -74.813662875645264, 50.475760394916492 ], [ -74.81389146309381, 50.475150363422017 ], [ -74.814364515563767, 50.474763405884154 ], [ -74.814578480596936, 50.474420371956207 ] ], [ [ -74.781670226923708, 50.476950721616191 ], [ -74.779830131062198, 50.476370938775901 ], [ -74.783412838663011, 50.477306991647993 ], [ -74.781670226923708, 50.476950721616191 ] ], [ [ -74.766252869833835, 50.47666197732233 ], [ -74.762337181356358, 50.475315156946188 ], [ -74.76432800269825, 50.476001743486286 ], [ -74.766252869833835, 50.47666197732233 ] ], [ [ -74.776107788509862, 50.474910739598357 ], [ -74.777077844286083, 50.475206796248202 ], [ -74.775553038159913, 50.474739733235026 ], [ -74.776107788509862, 50.474910739598357 ] ], [ [ -74.777832031445399, 50.47548675947575 ], [ -74.778461330121559, 50.475797756113913 ], [ -74.777498608780633, 50.475354778565496 ], [ -74.777832031445399, 50.47548675947575 ] ], [ [ -74.813414750324938, 50.473431358274894 ], [ -74.813269173568017, 50.473656076412851 ], [ -74.813419950399833, 50.473433501598258 ], [ -74.813414750324938, 50.473431358274894 ] ], [ [ -74.813423156333272, 50.47343445231823 ], [ -74.813449602013776, 50.473440916744075 ], [ -74.81342255845567, 50.473434153644483 ], [ -74.813423156333272, 50.47343445231823 ] ], [ [ -74.814020527225196, 50.473648423320668 ], [ -74.814018250169298, 50.473648075033701 ], [ -74.814141535687895, 50.473757302576637 ], [ -74.814020527225196, 50.473648423320668 ] ], [ [ -74.761783048335374, 50.475123905124143 ], [ -74.761779784625489, 50.475122111584611 ], [ -74.761779785299709, 50.475124362986655 ], [ -74.761783048335374, 50.475123905124143 ] ], [ [ -74.761774543160598, 50.475118872103671 ], [ -74.761772156077555, 50.475117088520619 ], [ -74.761777165925395, 50.475120548039101 ], [ -74.761774543160598, 50.475118872103671 ] ], [ [ -74.761767288271585, 50.475113016185567 ], [ -74.761764525421171, 50.475109845013506 ], [ -74.761770749745324, 50.47511603608293 ], [ -74.761767288271585, 50.475113016185567 ] ], [ [ -74.76175797799506, 50.47509935215605 ], [ -74.761756896962353, 50.47509603324589 ], [ -74.761759622716909, 50.475102837497587 ], [ -74.76175797799506, 50.47509935215605 ] ], [ [ -74.761473666805898, 50.471960514354649 ], [ -74.761164968548997, 50.468535941957562 ], [ -74.761222839813314, 50.469188694375553 ], [ -74.761473666805898, 50.471960514354649 ] ], [ [ -74.760231552925077, 50.463355563229172 ], [ -74.760019759705031, 50.46308272867789 ], [ -74.7608766404243, 50.464112616090283 ], [ -74.760231552925077, 50.463355563229172 ] ], [ [ -74.744598387226873, 50.464519505178664 ], [ -74.744611954475758, 50.464516535687032 ], [ -74.744596669829832, 50.464519504814149 ], [ -74.744598387226873, 50.464519505178664 ] ], [ [ -74.744570040264151, 50.464519504708534 ], [ -74.74414484810103, 50.464473595828629 ], [ -74.744567870449004, 50.464519504632321 ], [ -74.744570040264151, 50.464519504708534 ] ], [ [ -74.751541139175245, 50.46252823228216 ], [ -74.755620986059185, 50.461356863873625 ], [ -74.748854138183361, 50.463299187566783 ], [ -74.751541139175245, 50.46252823228216 ] ], [ [ -74.647598266822527, 50.455413822571593 ], [ -74.650434579007012, 50.454526213754725 ], [ -74.647601366661547, 50.455412297303468 ], [ -74.640064009337678, 50.453829108758576 ], [ -74.625932165590953, 50.453968038835932 ], [ -74.640060425638453, 50.453830722581884 ], [ -74.647598266822527, 50.455413822571593 ] ], [ [ -74.618499124262314, 50.455260626485334 ], [ -74.622471245531116, 50.455954418412034 ], [ -74.612363611006913, 50.45409549217468 ], [ -74.618499124262314, 50.455260626485334 ] ], [ [ -74.655995747165079, 50.452796642781763 ], [ -74.657348632543176, 50.453105931172637 ], [ -74.657350298347495, 50.453105680521652 ], [ -74.655995747165079, 50.452796642781763 ] ], [ [ -74.670417786102078, 50.444873813963 ], [ -74.683753966707329, 50.436084751932263 ], [ -74.693370621274966, 50.429739184454441 ], [ -74.670416132479872, 50.444873148803843 ], [ -74.669669226579202, 50.449668344600823 ], [ -74.667380713820933, 50.450427889959087 ], [ -74.664501894898407, 50.450640874946323 ], [ -74.662601775378391, 50.451103666109184 ], [ -74.664505005194414, 50.450641636051728 ], [ -74.667381286535431, 50.450428012740318 ], [ -74.669670105267642, 50.449668889091441 ], [ -74.670417786102078, 50.444873813963 ] ], [ [ -74.610589417819895, 50.453758597447553 ], [ -74.600242669415636, 50.449633633070015 ], [ -74.60024251869639, 50.449633888272999 ], [ -74.600242615152254, 50.449634555847574 ], [ -74.610589417819895, 50.453758597447553 ] ], [ [ -74.604874865279527, 50.441562571738672 ], [ -74.610447424533362, 50.435088895918909 ], [ -74.604873658120781, 50.441562656733289 ], [ -74.602807399201353, 50.445164513986278 ], [ -74.604874865279527, 50.441562571738672 ] ], [ [ -74.610596950559639, 50.434915166347132 ], [ -74.61187735212647, 50.433427406971198 ], [ -74.611747919694309, 50.433577745312078 ], [ -74.610596950559639, 50.434915166347132 ] ], [ [ -74.710104383200118, 50.429367507413339 ], [ -74.710024687360843, 50.429394005498921 ], [ -74.710104584082643, 50.429367505330852 ], [ -74.710104383200118, 50.429367507413339 ] ], [ [ -74.704077079341189, 50.430350672376072 ], [ -74.704078674988509, 50.430351261242919 ], [ -74.705164140404364, 50.430285924956166 ], [ -74.704077079341189, 50.430350672376072 ] ], [ [ -74.727767943856847, 50.437732700807885 ], [ -74.727766230764274, 50.437734488594366 ], [ -74.728083432911646, 50.437814609352884 ], [ -74.727767943856847, 50.437732700807885 ] ], [ [ -74.727539063015968, 50.438135150404236 ], [ -74.727307752652891, 50.438612795274572 ], [ -74.727665863935371, 50.437911345638312 ], [ -74.727539063015968, 50.438135150404236 ] ], [ [ -74.627765224618187, 50.42363165959668 ], [ -74.634505981571138, 50.415124440919882 ], [ -74.627761840865929, 50.423629764414756 ], [ -74.613349541699037, 50.431717356545022 ], [ -74.627765224618187, 50.42363165959668 ] ], [ [ -74.732742344921718, 50.422998977839143 ], [ -74.732601618718562, 50.423268526101637 ], [ -74.732926060144791, 50.422654088249445 ], [ -74.732742344921718, 50.422998977839143 ] ], [ [ -74.741474296750653, 50.405727337662974 ], [ -74.739783448639784, 50.405439637977388 ], [ -74.739782375871073, 50.4054398618307 ], [ -74.741474296750653, 50.405727337662974 ] ], [ [ -74.640044850774132, 50.409593301923913 ], [ -74.64103406313059, 50.408794229145215 ], [ -74.640128403957505, 50.409525750838661 ], [ -74.640044850774132, 50.409593301923913 ] ], [ [ -74.73062136063335, 50.395235245540157 ], [ -74.727893847640019, 50.392877646491179 ], [ -74.730160138806568, 50.394842640276927 ], [ -74.73062136063335, 50.395235245540157 ] ], [ [ -74.725536892004854, 50.391730267031527 ], [ -74.723399301867033, 50.390963000524501 ], [ -74.724100709136451, 50.391216491547056 ], [ -74.725536892004854, 50.391730267031527 ] ], [ [ -74.691562862682574, 50.390908019872413 ], [ -74.704319682322847, 50.387125244357975 ], [ -74.710004661387771, 50.386153621206489 ], [ -74.704317882937815, 50.387125339811163 ], [ -74.691562862682574, 50.390908019872413 ] ], [ [ -74.712436185803057, 50.387444699023234 ], [ -74.714422649000696, 50.387740198107011 ], [ -74.712711313290498, 50.387125660798233 ], [ -74.712436185803057, 50.387444699023234 ] ], [ [ -74.671637248249027, 50.38247433869671 ], [ -74.680571347451675, 50.378536990255938 ], [ -74.681252518032963, 50.378233459191996 ], [ -74.671637248249027, 50.38247433869671 ] ], [ [ -74.712300666480331, 50.364221178351613 ], [ -74.691628423118203, 50.364434709382159 ], [ -74.690985491096001, 50.364244406190814 ], [ -74.69064429839851, 50.364444762669571 ], [ -74.680913745556836, 50.364544249402812 ], [ -74.695179984397143, 50.364398508203735 ], [ -74.712300638436702, 50.364221295693639 ], [ -74.712300666480331, 50.364221178351613 ] ], [ [ -74.660359761664523, 50.36294286465246 ], [ -74.650990066416256, 50.347824018056926 ], [ -74.655053027800165, 50.35438132415706 ], [ -74.660359761664523, 50.36294286465246 ] ], [ [ -74.725872531641372, 50.356432452214641 ], [ -74.725056846922598, 50.356746530802141 ], [ -74.729979809805968, 50.35487719929111 ], [ -74.725872531641372, 50.356432452214641 ] ], [ [ -74.754098053341053, 50.335658114023531 ], [ -74.7526690872361, 50.335579697337778 ], [ -74.751469822701253, 50.336169509081586 ], [ -74.754098053341053, 50.335658114023531 ] ], [ [ -74.765520041518855, 50.326227371839337 ], [ -74.765213605307522, 50.326230707154743 ], [ -74.765534129624015, 50.326757769336318 ], [ -74.765520041518855, 50.326227371839337 ] ], [ [ -74.76368869578728, 50.326247293149876 ], [ -74.758482413242589, 50.326303763672769 ], [ -74.762398783589731, 50.326266294677133 ], [ -74.76368869578728, 50.326247293149876 ] ], [ [ -74.60037211052358, 50.320246265029716 ], [ -74.580628076366239, 50.305908237622425 ], [ -74.578919442387615, 50.302948326622406 ], [ -74.578779990573722, 50.302850073977979 ], [ -74.580627440794828, 50.305908207378515 ], [ -74.600372312868075, 50.320247653542069 ], [ -74.604407451923706, 50.32175790265002 ], [ -74.60037211052358, 50.320246265029716 ] ], [ [ -74.765994617804736, 50.301153992664894 ], [ -74.765752902327762, 50.301614360540668 ], [ -74.766206048950082, 50.300771850896048 ], [ -74.765994617804736, 50.301153992664894 ] ], [ [ -74.575036149880134, 50.290148193216829 ], [ -74.575048622658343, 50.29011079950191 ], [ -74.575672218479966, 50.293257250167628 ], [ -74.575036149880134, 50.290148193216829 ] ], [ [ -74.575237083904511, 50.289047354653746 ], [ -74.583437263405301, 50.2701110140043 ], [ -74.575233459241502, 50.289047244504026 ], [ -74.575093891640378, 50.289890993501331 ], [ -74.575237083904511, 50.289047354653746 ] ], [ [ -74.77432605114916, 50.273144396586311 ], [ -74.773966920907469, 50.273775649271258 ], [ -74.774587827043348, 50.272685747926985 ], [ -74.77432605114916, 50.273144396586311 ] ], [ [ -74.772198790711997, 50.278230323415549 ], [ -74.772032728067856, 50.278950168930152 ], [ -74.772448003817019, 50.277166047739605 ], [ -74.772198790711997, 50.278230323415549 ] ], [ [ -74.66342015634244, 50.261362161060411 ], [ -74.668052914257046, 50.266816558841249 ], [ -74.674375881832731, 50.262777845966582 ], [ -74.674509755034279, 50.262513547420177 ], [ -74.668160864971696, 50.266684888680608 ], [ -74.663725052541807, 50.261515200980739 ], [ -74.661939223125387, 50.254659614482726 ], [ -74.66342015634244, 50.261362161060411 ] ], [ [ -74.60354790365875, 50.26608741636597 ], [ -74.610379845322385, 50.265457027369706 ], [ -74.598567695854939, 50.266360239300909 ], [ -74.60354790365875, 50.26608741636597 ] ], [ [ -74.628815361948583, 50.259346028140698 ], [ -74.635320130050275, 50.256241156021943 ], [ -74.629791843789548, 50.258708092086664 ], [ -74.614809804245468, 50.264688255702325 ], [ -74.628815361948583, 50.259346028140698 ] ], [ [ -74.58923757742123, 50.26292761428882 ], [ -74.590479674954025, 50.260475487094659 ], [ -74.589178375216335, 50.262710168253754 ], [ -74.58931981966154, 50.263773130446062 ], [ -74.590409811502013, 50.26569856329008 ], [ -74.58923757742123, 50.26292761428882 ] ], [ [ -74.58681852340527, 50.260727753496461 ], [ -74.591470143481388, 50.245820943897591 ], [ -74.598083573369749, 50.211586623216512 ], [ -74.601804149951732, 50.193795336620873 ], [ -74.598083494919834, 50.211586001997645 ], [ -74.596351622451095, 50.220539096639428 ], [ -74.595862698579211, 50.221167700047147 ], [ -74.596073989312075, 50.221989202371034 ], [ -74.591468810238482, 50.245819095776568 ], [ -74.58681852340527, 50.260727753496461 ] ], [ [ -74.681628939511256, 50.252991900428988 ], [ -74.680591971597579, 50.253939297368056 ], [ -74.681437623970197, 50.253224692186571 ], [ -74.681628939511256, 50.252991900428988 ] ], [ [ -74.639017596833625, 50.191737469353662 ], [ -74.640223499390956, 50.192603765492969 ], [ -74.633969449099126, 50.186552513792179 ], [ -74.639017596833625, 50.191737469353662 ] ], [ [ -74.603398063938556, 50.192754532863198 ], [ -74.614870816427086, 50.185260954529923 ], [ -74.618106002782994, 50.183940131205176 ], [ -74.614868162765177, 50.185260776826674 ], [ -74.603398063938556, 50.192754532863198 ] ], [ [ -74.630819787477733, 50.183316795956884 ], [ -74.631059187274403, 50.183562755280299 ], [ -74.630924371117175, 50.182123617484265 ], [ -74.630819787477733, 50.183316795956884 ] ], [ [ -74.797471486095361, 50.180597421202201 ], [ -74.797778250469761, 50.180574304842516 ], [ -74.798127261393248, 50.180543257819508 ], [ -74.798648273178941, 50.180484283085299 ], [ -74.798952405600261, 50.180445160780863 ], [ -74.79899280281721, 50.180429098819175 ], [ -74.799091250856677, 50.180413333458652 ], [ -74.799244329209117, 50.180385267813008 ], [ -74.800095274088392, 50.18019328984542 ], [ -74.801639353168355, 50.179805372236117 ], [ -74.802142217830252, 50.179620296795804 ], [ -74.80262027079192, 50.179409329222615 ], [ -74.80284428516886, 50.179301290378554 ], [ -74.803700272619935, 50.179117323197751 ], [ -74.804180233207788, 50.179027313308183 ], [ -74.804477177893446, 50.178965278073491 ], [ -74.805486309065557, 50.178740291467101 ], [ -74.805748212417697, 50.178667324147177 ], [ -74.805832051688739, 50.17864266583512 ], [ -74.802842496150106, 50.179301391827423 ], [ -74.800093484966908, 50.180193390799673 ], [ -74.797471486095361, 50.180597421202201 ] ], [ [ -74.796834466743221, 50.180650400968425 ], [ -74.795766526839984, 50.180772383682637 ], [ -74.79601934849471, 50.180751350995607 ], [ -74.796836249760943, 50.180650301775721 ], [ -74.797371242651195, 50.180603310342335 ], [ -74.796834466743221, 50.180650400968425 ] ], [ [ -74.795758116108729, 50.180772835100086 ], [ -74.795747511996495, 50.180773404394635 ], [ -74.795426204892138, 50.180792626307081 ], [ -74.795758116108729, 50.180772835100086 ] ], [ [ -74.793353224138528, 50.180990317872876 ], [ -74.79482130115197, 50.180821332572961 ], [ -74.793351507218944, 50.180990388748704 ], [ -74.793309533934149, 50.180997419019803 ], [ -74.792916537060137, 50.181084434678006 ], [ -74.79262451076427, 50.181142362957075 ], [ -74.792077475889045, 50.181235406092682 ], [ -74.791652478758948, 50.181296419171581 ], [ -74.79158043138743, 50.181310346950852 ], [ -74.790074448645413, 50.181670415752478 ], [ -74.789428491187294, 50.181838374114562 ], [ -74.787725493216371, 50.182312370287491 ], [ -74.786524471205936, 50.182714417607414 ], [ -74.785130523019077, 50.183064357826886 ], [ -74.783052805309907, 50.183309337192703 ], [ -74.785132301028327, 50.183064293617214 ], [ -74.786526264665184, 50.182714316632719 ], [ -74.789430279694614, 50.181838273371106 ], [ -74.791582195040021, 50.181310281630473 ], [ -74.792079316284656, 50.18123531780487 ], [ -74.79262623214774, 50.181142293656286 ], [ -74.792918298494769, 50.181084363559087 ], [ -74.793353224138528, 50.180990317872876 ] ], [ [ -74.832268547446645, 50.178841401738545 ], [ -74.830784485480748, 50.179003396658132 ], [ -74.831183319707804, 50.178969253256113 ], [ -74.832268547446645, 50.178841401738545 ] ], [ [ -74.830653224501617, 50.179011287231624 ], [ -74.829525476339512, 50.179156391446469 ], [ -74.829245529234839, 50.179177400690854 ], [ -74.829527272371337, 50.179156289620238 ], [ -74.830475310100695, 50.179042328909745 ], [ -74.830547273427243, 50.179030320534316 ], [ -74.830653224501617, 50.179011287231624 ] ], [ [ -74.827898874426552, 50.179215388178989 ], [ -74.827360452783097, 50.179369363761765 ], [ -74.825832513978696, 50.179825367957939 ], [ -74.825540543087115, 50.179900372579503 ], [ -74.823398365527268, 50.180227334060959 ], [ -74.825542330942184, 50.179900267652542 ], [ -74.825834303606413, 50.179825265649498 ], [ -74.827898874426552, 50.179215388178989 ] ], [ [ -74.820357338122676, 50.180042553748329 ], [ -74.820076484403273, 50.180101357997877 ], [ -74.818006471967749, 50.180861431878157 ], [ -74.81530154838596, 50.18135432366708 ], [ -74.818008264415866, 50.180861324089776 ], [ -74.820357338122676, 50.180042553748329 ] ], [ [ -74.777922265633478, 50.183940261492936 ], [ -74.780618492206429, 50.183416432288503 ], [ -74.780110465446668, 50.183453411302317 ], [ -74.779506503809898, 50.183531377867006 ], [ -74.779225527161415, 50.183576372851881 ], [ -74.778907426766537, 50.183632395577796 ], [ -74.777920476440883, 50.183940362992544 ], [ -74.773618523481531, 50.185608387350186 ], [ -74.768963887145148, 50.186413399548975 ], [ -74.771031322273558, 50.186130332792438 ], [ -74.773292302841185, 50.18568733023254 ], [ -74.773620312871927, 50.185608286820575 ], [ -74.773937266914103, 50.185525318429512 ], [ -74.777922265633478, 50.183940261492936 ] ], [ [ -74.74570325255219, 50.187390274527701 ], [ -74.748160778941681, 50.185550596023667 ], [ -74.745701463092843, 50.187390375059778 ], [ -74.745340511694991, 50.188226394160452 ], [ -74.744522527587137, 50.189207414064285 ], [ -74.742931512732611, 50.190426353189082 ], [ -74.741200442480917, 50.19136639532401 ], [ -74.740857416122353, 50.1917034091963 ], [ -74.740564460254632, 50.192051395943466 ], [ -74.740390497370015, 50.19227041434155 ], [ -74.739949507592613, 50.194169347435462 ], [ -74.738636504503575, 50.19575341205293 ], [ -74.736431428571379, 50.196942398430636 ], [ -74.733666476745228, 50.19746340106132 ], [ -74.736433226968614, 50.196942298475442 ], [ -74.738638286310945, 50.195753315260227 ], [ -74.739951296538422, 50.19416925157963 ], [ -74.740392286969694, 50.192270313443849 ], [ -74.740859222634697, 50.191703349562935 ], [ -74.742933353766418, 50.190426256622366 ], [ -74.74452431711984, 50.189207313551016 ], [ -74.74534230182806, 50.188226293144133 ], [ -74.74570325255219, 50.187390274527701 ] ], [ [ -74.839484160807729, 50.182749727204474 ], [ -74.83836621632922, 50.184209065067968 ], [ -74.839645073302592, 50.182546769049232 ], [ -74.839484160807729, 50.182749727204474 ] ], [ [ -74.834742283061601, 50.188910118018256 ], [ -74.834316124072046, 50.189472617893088 ], [ -74.83607457509153, 50.187187475442173 ], [ -74.834742283061601, 50.188910118018256 ] ], [ [ -74.72889847976036, 50.199121943098795 ], [ -74.732479350751319, 50.197459188970164 ], [ -74.719412063855529, 50.203522098564427 ], [ -74.701903525129126, 50.219933422316565 ], [ -74.70481141384856, 50.225852117982285 ], [ -74.696468220674731, 50.228785805139708 ], [ -74.692628440575888, 50.237514093956037 ], [ -74.68926636755387, 50.240644215462105 ], [ -74.700645296985499, 50.24184203698821 ], [ -74.696141215288151, 50.246981718786493 ], [ -74.700647088727479, 50.241841937626333 ], [ -74.690823973320221, 50.240807890074642 ], [ -74.691326920789521, 50.23872880113526 ], [ -74.692630232044351, 50.237513993822013 ], [ -74.696470012557498, 50.228785705356103 ], [ -74.704813204377174, 50.225852019494994 ], [ -74.702344298549264, 50.220822055600436 ], [ -74.7025042648621, 50.220301590405029 ], [ -74.701905350880054, 50.219933350501819 ], [ -74.719413854702722, 50.203521998414054 ], [ -74.728288083131261, 50.199409039958383 ], [ -74.728893079389536, 50.199336000800841 ], [ -74.72889847976036, 50.199121943098795 ] ], [ [ -74.83138656424849, 50.19565585281299 ], [ -74.83211755172016, 50.196061435925003 ], [ -74.832447123558126, 50.195006739344521 ], [ -74.83138656424849, 50.19565585281299 ] ], [ [ -74.82225459222299, 50.19675642413182 ], [ -74.825173655707928, 50.197794588131352 ], [ -74.825175094928099, 50.197794360962362 ], [ -74.822626444875382, 50.19687787638474 ], [ -74.822289760628266, 50.196760703039971 ], [ -74.82227324886594, 50.196757203564971 ], [ -74.822261796041246, 50.1967563446103 ], [ -74.82225459222299, 50.19675642413182 ] ], [ [ -74.822018103622, 50.197331078286716 ], [ -74.822139240846937, 50.196948509044496 ], [ -74.821781979525525, 50.197147595986763 ], [ -74.822018103622, 50.197331078286716 ] ], [ [ -74.821555664645231, 50.198787827194316 ], [ -74.821425914743045, 50.19920120243934 ], [ -74.82169726283314, 50.198344305653819 ], [ -74.821555664645231, 50.198787827194316 ] ], [ [ -74.815550086039622, 50.216559004679873 ], [ -74.816233230782316, 50.216208307526685 ], [ -74.816313045807604, 50.215543492005487 ], [ -74.81606338314009, 50.215860803614589 ], [ -74.815550086039622, 50.216559004679873 ] ], [ [ -74.802130683996012, 50.22394830203465 ], [ -74.801039735542957, 50.224432737280935 ], [ -74.802554174741559, 50.223996099799635 ], [ -74.802130683996012, 50.22394830203465 ] ], [ [ -74.799027792263644, 50.224774198297247 ], [ -74.793624452325673, 50.226570075528848 ], [ -74.793003785835893, 50.226423910431777 ], [ -74.792979854792861, 50.226755861307339 ], [ -74.790235038944274, 50.227547074775423 ], [ -74.799962957966571, 50.224743172951314 ], [ -74.799027792263644, 50.224774198297247 ] ], [ [ -74.781500986374951, 50.234168810477684 ], [ -74.781014215245662, 50.235028058845515 ], [ -74.78153350111063, 50.234115546779869 ], [ -74.781500986374951, 50.234168810477684 ] ], [ [ -74.778397987725029, 50.239479201071219 ], [ -74.778446757379996, 50.239539146004518 ], [ -74.778526094495348, 50.23939976199344 ], [ -74.778397987725029, 50.239479201071219 ] ], [ [ -74.77604268858147, 50.242103602884001 ], [ -74.776921588174105, 50.241941105204567 ], [ -74.777815770500879, 50.242039455310348 ], [ -74.777043384073195, 50.241777904012096 ], [ -74.77604268858147, 50.242103602884001 ] ], [ [ -74.601285089537072, 50.253354188493581 ], [ -74.609588421303556, 50.249032889893222 ], [ -74.610433634331841, 50.241242926051918 ], [ -74.619318482139818, 50.234118073165234 ], [ -74.622702141257804, 50.230812124266713 ], [ -74.61890706033374, 50.233703047237036 ], [ -74.614928370777236, 50.237636047748452 ], [ -74.610432945172661, 50.241202389481316 ], [ -74.609600096732834, 50.248862028496326 ], [ -74.601094390363286, 50.253254388552541 ], [ -74.600075009593439, 50.253494078543312 ], [ -74.601285089537072, 50.253354188493581 ] ], [ [ -74.652256109365865, 50.243539813243615 ], [ -74.653846335839518, 50.244680519562841 ], [ -74.652361485964477, 50.243438737450319 ], [ -74.652256109365865, 50.243539813243615 ] ], [ [ -74.65407219277435, 50.244869396520684 ], [ -74.658438993257263, 50.249015853791761 ], [ -74.656719625108835, 50.247083210815532 ], [ -74.65407219277435, 50.244869396520684 ] ], [ [ -74.683963842306213, 50.248741212222939 ], [ -74.692803594485696, 50.249724543820136 ], [ -74.684054035234738, 50.248556796355707 ], [ -74.683963842306213, 50.248741212222939 ] ], [ [ -74.778304283043653, 50.244362597350538 ], [ -74.778699908919066, 50.244399045422391 ], [ -74.778503588145213, 50.243875125871703 ], [ -74.778304283043653, 50.244362597350538 ] ], [ [ -74.593679980997123, 50.254233137326331 ], [ -74.596241869531553, 50.253937112575791 ], [ -74.593420603104477, 50.254150484481109 ], [ -74.592526326308558, 50.2564344309109 ], [ -74.593679980997123, 50.254233137326331 ] ], [ [ -74.683166241973126, 50.250371985710764 ], [ -74.6822608818878, 50.252222938975677 ], [ -74.682871953313068, 50.25147934502801 ], [ -74.683166241973126, 50.250371985710764 ] ], [ [ -74.642271172329657, 50.253131834695068 ], [ -74.642624916543426, 50.252775644801417 ], [ -74.642238083535858, 50.253146504324903 ], [ -74.642271172329657, 50.253131834695068 ] ], [ [ -74.640231619299371, 50.217269282904745 ], [ -74.642648592082736, 50.215200931399693 ], [ -74.640159814875346, 50.217055815751287 ], [ -74.638683227483, 50.216858166303041 ], [ -74.640231619299371, 50.217269282904745 ] ], [ [ -74.636913399012812, 50.216621236893623 ], [ -74.636885068522545, 50.216617443911325 ], [ -74.636573046078652, 50.216968749724138 ], [ -74.636913399012812, 50.216621236893623 ] ], [ [ -74.65448251104705, 50.206326550637058 ], [ -74.654267348812198, 50.200156511675978 ], [ -74.654262645042905, 50.200155132728007 ], [ -74.654134501976969, 50.20617212820536 ], [ -74.653486469621654, 50.207023467880148 ], [ -74.65448251104705, 50.206326550637058 ] ], [ [ -74.753334493315336, 50.185130418244057 ], [ -74.750571694835287, 50.185656371774321 ], [ -74.751717263813106, 50.185534264367028 ], [ -74.752274251846231, 50.185428270741149 ], [ -74.752815213518417, 50.185293306363377 ], [ -74.753336239539067, 50.185130359060601 ], [ -74.753835262734796, 50.184940318097034 ], [ -74.754308337469539, 50.184725327554524 ], [ -74.754751352233981, 50.184485340325594 ], [ -74.75490112682742, 50.184389388579682 ], [ -74.753334493315336, 50.185130418244057 ] ], [ [ -74.780814524156867, 50.183404370514708 ], [ -74.780620286452745, 50.183416321378061 ], [ -74.78081636853392, 50.183404300354859 ], [ -74.780814524156867, 50.183404370514708 ] ], [ [ -74.750197334606213, 50.185666046187762 ], [ -74.749997781382746, 50.185671194912409 ], [ -74.750000084871431, 50.185671250189095 ], [ -74.750197334606213, 50.185666046187762 ] ], [ [ -74.759811571337124, 50.185993512680731 ], [ -74.759827044056678, 50.185994462922302 ], [ -74.759826527609277, 50.18599439893044 ], [ -74.759811571337124, 50.185993512680731 ] ], [ [ -74.7607478687857, 50.186062024881018 ], [ -74.760837497302816, 50.186067017232958 ], [ -74.760824427597484, 50.186065401506873 ], [ -74.7607478687857, 50.186062024881018 ] ], [ [ -74.763430206657645, 50.186269214236553 ], [ -74.763464467715806, 50.186271281509491 ], [ -74.763454427458413, 50.186270351216827 ], [ -74.763430206657645, 50.186269214236553 ] ], [ [ -74.781333500014554, 50.183379405484196 ], [ -74.78124498410466, 50.18338501243646 ], [ -74.781335178866399, 50.183379386439292 ], [ -74.781333500014554, 50.183379405484196 ] ], [ [ -74.78144846924296, 50.183376427087566 ], [ -74.781655410259447, 50.183368035170396 ], [ -74.781542492560945, 50.183372423829283 ], [ -74.78144846924296, 50.183376427087566 ] ], [ [ -74.630649276208729, 50.179186747047929 ], [ -74.62855063782284, 50.156769816801443 ], [ -74.675541968498109, 50.155282425342882 ], [ -74.676219583685551, 50.155973155280577 ], [ -74.675629267769153, 50.15678558923193 ], [ -74.675329648868612, 50.15784932127162 ], [ -74.67860502310478, 50.160216926353172 ], [ -74.67654432236823, 50.158340429477171 ], [ -74.676019438708252, 50.157027787411373 ], [ -74.676501184178591, 50.155435553555833 ], [ -74.675404914451903, 50.155049219635792 ], [ -74.645602144149834, 50.156030801418247 ], [ -74.628928494353971, 50.156280926334432 ], [ -74.628547667684998, 50.156768803125836 ], [ -74.630645751077864, 50.179187778976804 ], [ -74.622618297922088, 50.182332265790016 ], [ -74.630649276208729, 50.179186747047929 ] ], [ [ -74.678915555763339, 50.16092774974998 ], [ -74.677460322027159, 50.161908239941475 ], [ -74.679321863921274, 50.160869645119249 ], [ -74.6787353155228, 50.160335565378531 ], [ -74.678915555763339, 50.16092774974998 ] ], [ [ -74.816979404697506, 50.155143545029347 ], [ -74.810503309414258, 50.155284838103753 ], [ -74.669326850686033, 50.166792279848558 ], [ -74.670529946791945, 50.16538366674083 ], [ -74.671194856825736, 50.165062449695334 ], [ -74.670796493716153, 50.165038049136903 ], [ -74.669719396475429, 50.165723828857267 ], [ -74.668638219335648, 50.167029260741494 ], [ -74.730486903327929, 50.162097383797295 ], [ -74.816979404697506, 50.155143545029347 ], [ -74.816985207730156, 50.155143076115607 ], [ -74.830456334340781, 50.151820714557459 ], [ -74.816979404697506, 50.155143545029347 ] ], [ [ -74.675366344928477, 50.163047019343253 ], [ -74.67392841289373, 50.163230856284216 ], [ -74.673736135323452, 50.163834684744224 ], [ -74.675366344928477, 50.163047019343253 ] ], [ [ -74.647981028421398, 50.140021657207747 ], [ -74.654079049635584, 50.136785220776716 ], [ -74.647979736268297, 50.140022282079642 ], [ -74.630003278320899, 50.155363839919922 ], [ -74.647981028421398, 50.140021657207747 ] ], [ [ -74.817533728593062, 50.130505573943466 ], [ -74.812423301941351, 50.140883111679386 ], [ -74.817535399241692, 50.130504611241001 ], [ -74.815932923109685, 50.113821948765477 ], [ -74.817533728593062, 50.130505573943466 ] ], [ [ -74.662437342459796, 50.132248288695131 ], [ -74.703497767744722, 50.105401704917377 ], [ -74.740997863677919, 50.089656937048304 ], [ -74.79012288736898, 50.090460993693121 ], [ -74.740997312654301, 50.089656833669586 ], [ -74.703498839620281, 50.105400088844974 ], [ -74.662437342459796, 50.132248288695131 ] ], [ [ -74.974051176880522, 50.529817831450202 ], [ -74.973401592353667, 50.530086180378959 ], [ -74.974618955360057, 50.52960704666728 ], [ -74.974051176880522, 50.529817831450202 ] ], [ [ -74.957305906898696, 50.532276157560446 ], [ -74.959447265925704, 50.532557888979952 ], [ -74.956560995981206, 50.532114332967254 ], [ -74.957305906898696, 50.532276157560446 ] ], [ [ -74.968377008410314, 50.531925700154908 ], [ -74.967649850463474, 50.53210685698253 ], [ -74.966323399637346, 50.532385827338764 ], [ -74.967651367090582, 50.532108311049775 ], [ -74.968377008410314, 50.531925700154908 ] ], [ [ -74.961934709424256, 50.532721881450328 ], [ -74.959895546431852, 50.532596114295579 ], [ -74.962323762724722, 50.532721214108889 ], [ -74.961934709424256, 50.532721881450328 ] ], [ [ -74.965029067354706, 50.532574852082654 ], [ -74.964268726911428, 50.532655865428751 ], [ -74.963548645310397, 50.532695427321293 ], [ -74.964271545819983, 50.5326576277253 ], [ -74.965029067354706, 50.532574852082654 ] ], [ [ -74.916908263659437, 50.537700657193191 ], [ -74.917649413794209, 50.53807431832201 ], [ -74.91644226932128, 50.537419381375642 ], [ -74.916908263659437, 50.537700657193191 ] ], [ [ -74.92198180960311, 50.539493564660077 ], [ -74.923615501158608, 50.539741100904109 ], [ -74.921748184714758, 50.539440025919532 ], [ -74.92198180960311, 50.539493564660077 ] ], [ [ -74.924615904970153, 50.539835911525373 ], [ -74.927764892740143, 50.53984070235127 ], [ -74.92813559608291, 50.539803879227364 ], [ -74.924615904970153, 50.539835911525373 ] ] ], [ [ [ -76.828780187583689, 51.131396509221098 ], [ -76.825881293435103, 51.128692738570237 ], [ -76.82309640833833, 51.131340399908503 ], [ -76.818474706348923, 51.133301807000407 ], [ -76.813011757273458, 51.134000881744697 ], [ -76.808182353265323, 51.134004713302453 ], [ -76.802710177610493, 51.133334647996769 ], [ -76.798062432649132, 51.131397942350432 ], [ -76.794946714766922, 51.128489365914319 ], [ -76.793837419424733, 51.125051987312595 ], [ -76.794902940323126, 51.121609123444529 ], [ -76.79776194859194, 51.118095304202754 ], [ -76.799132063171569, 51.114945538126726 ], [ -76.800259353514349, 51.113410047908864 ], [ -76.801920881318964, 51.110340410578523 ], [ -76.803702111920316, 51.108533499329617 ], [ -76.806036655386521, 51.107033581481375 ], [ -76.807288866898048, 51.106365065178373 ], [ -76.812771297673621, 51.104370590838698 ], [ -76.80962827830345, 51.10383058198304 ], [ -76.806845313377309, 51.10287225519388 ], [ -76.802297012888502, 51.102247268679754 ], [ -76.798642337689841, 51.102004281673537 ], [ -76.792895750771038, 51.102643095816703 ], [ -76.78888830272777, 51.102339783012297 ], [ -76.786641683159814, 51.101884444492285 ], [ -76.778733891958112, 51.099288809026568 ], [ -76.773074704639569, 51.098492954549855 ], [ -76.771494523611963, 51.098927005864759 ], [ -76.764636292902921, 51.099716969302477 ], [ -76.753966246322619, 51.098979011839582 ], [ -76.750804688485204, 51.098493872348307 ], [ -76.735318798691168, 51.091737824339411 ], [ -76.732244915388577, 51.088860559971252 ], [ -76.732090062680498, 51.088378207051562 ], [ -76.727876521622861, 51.088049216779353 ], [ -76.709200875653195, 51.078787354987035 ], [ -76.702136605476198, 51.075699814220542 ], [ -76.698736898991598, 51.069378350640932 ], [ -76.698546955674331, 51.064203072405519 ], [ -76.699699105646602, 51.060995368885401 ], [ -76.704586532813906, 51.056545615896134 ], [ -76.714434941384766, 51.049232868075691 ], [ -76.71796839531811, 51.046257560867566 ], [ -76.718908525791591, 51.046314460455612 ], [ -76.720480777522312, 51.045781586048541 ], [ -76.723934001197065, 51.045236784572921 ], [ -76.726744092476594, 51.044140003887954 ], [ -76.730103033441381, 51.04351119343584 ], [ -76.731836493974441, 51.042089728172485 ], [ -76.73489984549947, 51.040439013675666 ], [ -76.741617368266233, 51.037909674640211 ], [ -76.744457832774174, 51.037412833365259 ], [ -76.744778904391794, 51.035721741895664 ], [ -76.745222232121307, 51.034847741748152 ], [ -76.745025487326174, 51.03340658150109 ], [ -76.745158532246492, 51.03131681373408 ], [ -76.745755512777876, 51.029785961209321 ], [ -76.745035816521892, 51.024568526606018 ], [ -76.751255780653324, 51.019998145640358 ], [ -76.768115926916153, 51.01496297739051 ], [ -76.779673074375339, 51.013243898098509 ], [ -76.788230790688004, 51.012270089202325 ], [ -76.79162254586673, 51.010468427461063 ], [ -76.795825378248836, 51.010807791659744 ], [ -76.797679451575107, 51.009523371413032 ], [ -76.801372030075797, 51.007829878082276 ], [ -76.805600169672786, 51.006961746635568 ], [ -76.805510978330872, 51.006213831227292 ], [ -76.806042914390503, 51.003742828998725 ], [ -76.806601029793285, 51.002707753874979 ], [ -76.809698311074754, 50.999747175774516 ], [ -76.814307126958184, 50.997786144418768 ], [ -76.815761167394868, 50.997599499566746 ], [ -76.819212929014526, 50.996460257490718 ], [ -76.821038147333198, 50.996213256088886 ], [ -76.821489580520179, 50.995543052591344 ], [ -76.8241418010644, 50.993199300271591 ], [ -76.825346315684982, 50.992686514603953 ], [ -76.825553721929978, 50.990228431512293 ], [ -76.822389664469199, 50.982610311294629 ], [ -76.795739814564655, 50.96170707413053 ], [ -76.762137736339398, 50.937104802473634 ], [ -76.760473701219311, 50.935600794777763 ], [ -76.743449784251794, 50.916269155662789 ], [ -76.742161947582161, 50.912164330251983 ], [ -76.732299941927025, 50.901153980237773 ], [ -76.725196899145146, 50.896479412180497 ], [ -76.718162158710953, 50.893790368017065 ], [ -76.70991743391177, 50.89231981269392 ], [ -76.701062432541093, 50.891252867784225 ], [ -76.691593959751188, 50.890596406507164 ], [ -76.68349585363039, 50.889693264834904 ], [ -76.683025457774832, 50.889457524841021 ], [ -76.681530125879604, 50.88936629470215 ], [ -76.67573631550917, 50.887635368130496 ], [ -76.672538539732273, 50.886089257803555 ], [ -76.668602149781421, 50.881765925339252 ], [ -76.668013601891857, 50.879617315422969 ], [ -76.668361491727367, 50.878497398819597 ], [ -76.66743322804038, 50.877498349455138 ], [ -76.666428964820128, 50.873827405901217 ], [ -76.666016375086301, 50.858670250310603 ], [ -76.669116542232217, 50.855718842854643 ], [ -76.670974440908495, 50.854500412526967 ], [ -76.671577294260175, 50.85376083092099 ], [ -76.672497336488235, 50.851718331832714 ], [ -76.675181720511176, 50.848888785085968 ], [ -76.674877213986605, 50.8467853524837 ], [ -76.675226872708677, 50.845166858135045 ], [ -76.674920023016327, 50.844820052007201 ], [ -76.673661823785181, 50.840673944863951 ], [ -76.674729533666806, 50.837178070255284 ], [ -76.676083976452134, 50.835575730405928 ], [ -76.677852633629428, 50.834202757318884 ], [ -76.680373024895175, 50.832786498090385 ], [ -76.684312422024163, 50.831324586996608 ], [ -76.687227522413608, 50.829574962398858 ], [ -76.68740765404803, 50.827849808065459 ], [ -76.687085021510555, 50.826858702024367 ], [ -76.713447728236773, 50.819313142924237 ], [ -76.734991190862587, 50.81491389925128 ], [ -76.755534687919351, 50.812510919139278 ], [ -76.755212703666601, 50.816796234593241 ], [ -76.751918455206223, 50.8295953494004 ], [ -76.746061104664804, 50.84123736637445 ], [ -76.745208361835694, 50.843636644143089 ], [ -76.743293022793395, 50.844181095693862 ], [ -76.744278988353017, 50.84625111662951 ], [ -76.74264386735527, 50.850850450853038 ], [ -76.742569192898259, 50.854034180143415 ], [ -76.741708937918276, 50.854913772391669 ], [ -76.741744512726143, 50.855808031308079 ], [ -76.742328968203708, 50.857771943854374 ], [ -76.742390360597241, 50.859527628357888 ], [ -76.741896835899666, 50.861989103118169 ], [ -76.741219096661794, 50.86331384757559 ], [ -76.737069814853271, 50.867611501877199 ], [ -76.734430580241806, 50.86912321356035 ], [ -76.729563072429798, 50.871007594693722 ], [ -76.722994978479178, 50.8722486169451 ], [ -76.721009939477767, 50.873167855172603 ], [ -76.723141690688308, 50.873320840914538 ], [ -76.72676150495063, 50.874191520917712 ], [ -76.731686078947106, 50.872837115862133 ], [ -76.735187401772549, 50.872552772999725 ], [ -76.738161730250226, 50.872815748194775 ], [ -76.74223370874374, 50.87237648375973 ], [ -76.746991975647759, 50.87266993199998 ], [ -76.747955880171347, 50.87507465887456 ], [ -76.7527050804634, 50.884166774657821 ], [ -76.760162372847304, 50.893600699077304 ], [ -76.757649293865001, 50.895308070544168 ], [ -76.784730729742932, 50.926070748475674 ], [ -76.81753677535734, 50.950090044339632 ], [ -76.846555702844924, 50.972843316851524 ], [ -76.849050768830793, 50.975790345087496 ], [ -76.853706886793063, 50.986961489482653 ], [ -76.854132483953734, 50.988635070073457 ], [ -76.865557972424384, 50.990301316320654 ], [ -76.870194460493892, 50.992235394213559 ], [ -76.873305489383938, 50.995142007503311 ], [ -76.87441755981375, 50.998578808345783 ], [ -76.873669950235197, 51.00226903524792 ], [ -76.873321325709966, 51.002867587986429 ], [ -76.871856162882509, 51.004643317485652 ], [ -76.869973642728269, 51.006127368566787 ], [ -76.865151857573338, 51.00859807095874 ], [ -76.866178797159705, 51.009557328532694 ], [ -76.866847993431733, 51.010815160914561 ], [ -76.867474133791617, 51.012863889934103 ], [ -76.867930146979958, 51.015539454361878 ], [ -76.868668442003383, 51.016229028539072 ], [ -76.869501753639938, 51.017973353971172 ], [ -76.862320174675361, 51.02669727643967 ], [ -76.856340902537411, 51.035159250299472 ], [ -76.851324969589825, 51.045260153082431 ], [ -76.849334891641078, 51.045578894413737 ], [ -76.846142271822046, 51.047043972364463 ], [ -76.841633280103096, 51.048145712452481 ], [ -76.838397479732009, 51.049596979138656 ], [ -76.834558283453035, 51.050502459778713 ], [ -76.827080502709762, 51.052991211955259 ], [ -76.820458950426797, 51.054555759551086 ], [ -76.81635734649123, 51.055210341216124 ], [ -76.813590051314051, 51.056912725540037 ], [ -76.810440907429538, 51.058061791731831 ], [ -76.804729439285921, 51.059128354912197 ], [ -76.802337932545313, 51.061937925965374 ], [ -76.801233456686262, 51.062726695885509 ], [ -76.799344578944215, 51.063734942775618 ], [ -76.796132036810377, 51.064781799090674 ], [ -76.797930903959227, 51.066162079608254 ], [ -76.799838513699655, 51.068125927517933 ], [ -76.801592549931911, 51.070615534852791 ], [ -76.802451729838879, 51.072697207569547 ], [ -76.802722178603773, 51.07466016773995 ], [ -76.802634372843158, 51.076177365590475 ], [ -76.803009163641136, 51.076527595098128 ], [ -76.814805519272937, 51.076282379328269 ], [ -76.818976302369407, 51.076580497855247 ], [ -76.821982368968207, 51.07720058541814 ], [ -76.825053909559657, 51.07595872504907 ], [ -76.830509971468786, 51.07525921791045 ], [ -76.833079972854009, 51.075393194524658 ], [ -76.837136014659023, 51.076083916194399 ], [ -76.843508453314641, 51.078708676841366 ], [ -76.846623792371105, 51.081615983293204 ], [ -76.847426852565192, 51.082837432854447 ], [ -76.851057771844452, 51.084349837014869 ], [ -76.851977849695174, 51.085011640231741 ], [ -76.854213214033095, 51.087048940418988 ], [ -76.856497415759321, 51.088478526603446 ], [ -76.8585030611344, 51.090355881587243 ], [ -76.859503108446575, 51.091582656717371 ], [ -76.860136353969622, 51.092872135832323 ], [ -76.863811910209805, 51.094523085739063 ], [ -76.86518865365305, 51.095517709332611 ], [ -76.866972741162471, 51.097465696549932 ], [ -76.867895448501145, 51.099488059605363 ], [ -76.868116276012671, 51.101019184416984 ], [ -76.867408094261748, 51.104133829114346 ], [ -76.866459486836973, 51.105610977755262 ], [ -76.863803038227317, 51.107955650987101 ], [ -76.862956454535365, 51.108418210156657 ], [ -76.869403517882319, 51.10904390956874 ], [ -76.872912982206586, 51.110354373438852 ], [ -76.875470415118329, 51.11196593016372 ], [ -76.877530642776875, 51.114134860391943 ], [ -76.878105153082302, 51.115166572383039 ], [ -76.879041904186408, 51.118837810859013 ], [ -76.877982608725404, 51.122281327335031 ], [ -76.874532422491797, 51.125422480600896 ], [ -76.903029524170151, 51.145027871672717 ], [ -76.905431632446451, 51.147290877008658 ], [ -76.936597501055061, 51.19666243156658 ], [ -76.937372516284427, 51.198365463080691 ], [ -76.949933813255612, 51.241901143766441 ], [ -76.934528009647877, 51.237902162305552 ], [ -76.922621192655839, 51.233718547408856 ], [ -76.917311790982339, 51.230087565756072 ], [ -76.909336365027471, 51.202437354830899 ], [ -76.879991594465892, 51.155909875062669 ], [ -76.848148380542668, 51.134000632664737 ], [ -76.838835229303527, 51.134000685571763 ], [ -76.833429280540614, 51.133332043931993 ], [ -76.828780187583689, 51.131396509221098 ] ] ] ] } }
]
}
